date,ystar_mean,ystar_sd,ystar_q025,ystar_q975,unrstar_mean,unrstar_sd,unrstar_q025,unrstar_q975,prtstar_mean,prtstar_sd,prtstar_q025,prtstar_q975,cycle_mean,cycle_sd,cycle_q025,cycle_q975,prt_cycle_mean,prt_cycle_sd,prt_cycle_q025,prt_cycle_q975
1966-09-01,233.4919359875,0.09526084365392877,233.36126099999998,233.72909075,1.742153344725,0.029230146077732635,1.673654655,1.77827237,60.74712591925,0.0277182861551463,60.708270850000005,60.814739925,-0.14864057083195,0.09526087198865281,-0.38579274325,-0.017962739774999965,-0.0381494299681575,0.027718302530237254,-0.10576385875000001,7.050865815000006e-4
1966-12-01,233.80895921,0.12658613237990832,233.64083225000002,234.121954,1.620504536675,0.046091205178863386,1.5099088374999998,1.6739961275000002,60.710582031,0.03363625143046728,60.663014524999994,60.79305855,-0.14183437098187826,0.12658601478511866,-0.45482650125,0.026291635825000027,-0.03427421260000575,0.03363655651308711,-0.11675065075,0.013294042775000013
1967-03-01,236.900185095,0.1469485201168495,236.6765595,237.27139549999998,1.73155811355,0.04812040755140115,1.6027051675,1.7923610775,60.72244867175,0.04060541533619815,60.654983825,60.821305075,-0.11374346453696138,0.14694854292486995,-0.48495816625000004,0.10987879400000004,-0.026023376825585,0.04060594012533594,-0.12487929899999999,0.041443649275
1967-06-01,236.19792082,0.15393933989974687,235.96706700000001,236.59620325,1.869066970425,0.05481291069049493,1.7275286374999999,1.94963565,60.72847310275,0.0386855828467304,60.66953885,60.829991099999994,-0.116643796687112,0.15393934106415896,-0.514921914,0.11421075275000005,-0.028620629823314973,0.03868564897120156,-0.13013771375000002,0.03031308010000001
1967-09-01,237.52480746,0.17212480248443546,237.208317,237.94519675,1.907070361925,0.060024201713903456,1.750876415,2.015890885,60.91558848275,0.04470995200817532,60.828837,61.019633125,-0.01359694571059125,0.17212478481522556,-0.433990692,0.30288889900000004,0.0031054329368848752,0.04471021805640754,-0.10094023575000001,0.08985810750000002
1967-12-01,237.972656695,0.19622846373608016,237.5676155,238.422819,1.75526155515,0.07185332776985986,1.5875088425,1.91104748,60.89677462275,0.049053753560951235,60.791146250000004,61.008611275,0.01291647419584675,0.1962284924150569,-0.4372469515,0.41795877075000015,0.005081955439034825,0.04905398760169242,-0.10675528925,0.11071036825000007
1968-03-01,236.3657828025,0.22107368688240325,235.9042595,236.864173,1.8034080161,0.07699647292649811,1.638879615,1.98074405,60.86291339375,0.056353316715149225,60.74698495,60.990049825,-0.0138010108653536,0.22107369364810028,-0.51219269975,0.4477221362500004,-0.0049550020753488,0.05635367669754648,-0.13209203249999998,0.11097374275
1968-06-01,239.54668994,0.2791158411779873,238.91722024999999,240.026923,1.88388468805,0.09437385235023325,1.71511745,2.1105726750000002,60.92362276025,0.07346738580963456,60.75702435,61.050763375,0.07756406722507922,0.2791158208512025,-0.40267293675,0.7070310797500001,0.024165946834029648,0.07346773532874984,-0.10297605499999998,0.19076542900000004
1968-09-01,240.2145428075,0.34152569857712034,239.40478625,240.68953075,1.85603160975,0.12546871389014508,1.6785730600000002,2.1607132225,60.95564579925,0.08619050993076892,60.7513254,61.07096075,0.17894594621871177,0.341525719342424,-0.2960396105,0.98870539025,0.048943603568237896,0.08619051534056327,-0.06637048932499998,0.25326468525000007
1968-12-01,243.38138011,0.4543822884476811,242.35002500000002,244.08926275000002,1.773714033725,0.16155039042119823,1.564912775,2.1546849725,60.73245794275,0.1166408172385615,60.47091375,60.921830025,0.19180683322184525,0.4543821497158866,-0.51607991375,1.2231657225,0.04624775825773675,0.11664114470916619,-0.14312625075,0.307789672
1969-03-01,241.8114453825,0.4509458054924965,240.75767000000002,242.36335325,1.841925340225,0.18133362541743794,1.6283218725,2.2656663950000002,60.96941897875,0.10833139771490997,60.715718025,61.10179075,0.265489149281123,0.45094582540546946,-0.28641610674999995,1.3192633575000001,0.06705753576342309,0.10833129855199429,-0.06531646592499998,0.32075743949999996
1969-06-01,243.1679909575,0.5280231195475747,241.97576525,243.9291715,1.875825367325,0.199674247018994,1.6450181350000002,2.3358688575,60.84929497575,0.13060147190854252,60.559440325,61.043714325,0.26743807698113015,0.528023095239036,-0.49374276549999996,1.4596641375000001,0.0635251346573987,0.13060142536672473,-0.13089606474999999,0.35337884600000014
1969-09-01,244.1964471,0.6158378929815038,242.87453474999998,245.06876824999998,1.86140418085,0.2292792996412123,1.585368825,2.3749121700000004,60.91136677,0.15349030524430063,60.584055125,61.13291495,0.32226716473216266,0.6158378547626762,-0.5500568365,1.6441756225000002,0.07955470761650148,0.15349015562505547,-0.141993961,0.40686541025000006
1969-12-01,245.67094569,0.7310646412633429,244.13882199999998,246.50558900000001,2.103736082525,0.27473722935313993,1.8053142075,2.6930810425,61.281320911,0.18560346027690391,60.892321025,61.490675325,0.5665757884460563,0.7310646631510405,-0.26806984149999996,2.0986990300000006,0.15049667208250378,0.18560371630744732,-0.05885852094999999,0.5394971347500002
1970-03-01,246.8415117275,0.8690438965018986,245.05265699999998,247.76499825000002,1.782637503575,0.33434097979245736,1.450382505,2.47078312,61.32840019475,0.21746345272001463,60.878522075000006,61.559891400000005,0.7210635914450095,0.8690438579371434,-0.20242377424999997,2.5099200325,0.18234497603586253,0.21746362028995073,-0.049146729874999996,0.6322227352500001
1970-06-01,248.11069877,0.9543464997811585,246.16593849999998,249.09687575,2.0250235543,0.38191318499646215,1.6558080575,2.7970563275000004,61.6210933175,0.2347154320076235,61.136073525,61.865192300000004,0.8702619709227042,0.9543464774084345,-0.11591836949999998,2.81502196,0.21718722030577126,0.23471568025635955,-0.026911614849999998,0.7022086592500001
1970-09-01,247.35145272,0.9901875822394498,245.35690549999998,248.29333,2.026432291475,0.4084750018280937,1.648246895,2.8428666775,61.7546015945,0.23883330038735087,61.26276195,61.983643125,0.9390145435084729,0.9901875399850177,-0.0028598574500000003,2.933559767500001,0.22853485930224518,0.2388333803830425,-5.0708014025e-4,0.7203747
1970-12-01,247.2362330675,1.0031345166774759,245.230727,248.1882515,1.986502092825,0.4184795232279049,1.60155736,2.8136565449999997,61.79817588575,0.23939975411516362,61.30885715,62.026684325000005,0.9470223006938377,1.0031345413857904,-0.004999614864999999,2.9525272025000002,0.22618313979218446,0.23939986989626366,-0.002325771345,0.7155026152500001
1971-03-01,247.7239382425,0.989533193757427,245.73927575,248.6362045,1.97673201365,0.4145159361857225,1.6027659499999998,2.7943470875,61.7201628865,0.23412631337716078,61.2344165,61.938803825,0.8720910043544915,0.9895331535315285,-0.04017068339999999,2.8567574375,0.20235369863288932,0.23412647200750197,-0.016286977075,0.688098616
1971-06-01,247.557818065,0.9327887423357514,245.6697605,248.49669425,2.347695046275,0.39910150348708145,1.9770034375,3.1474754349999996,62.05989193875,0.2190165801429515,61.601603024999996,62.28624805,0.9352248217806369,0.9327887884834607,-0.003656001317499999,2.82328628,0.22556444177574395,0.21901663041822433,-7.9130114025e-4,0.6838531652500001
1971-09-01,250.042601945,0.8984494329364914,248.13788949999997,250.938539,2.2115601678,0.3818634984054341,1.8574726275,2.9929382675,61.67969367625,0.21064362395632646,61.228232175,61.896507425,0.8027091702756093,0.8984493394724604,-0.09322739982499999,2.7074202225000006,0.18183093790213561,0.2106439858957909,-0.03498173995,0.63329316725
1971-12-01,249.410170275,0.8057994419763805,247.64714975,250.38440325,2.30226796105,0.3456882984258032,1.9658922525,3.0470210025000006,61.44630057325,0.18599402799804718,61.02615825,61.690648474999996,0.5578365298802125,0.8057993894331498,-0.416397777,2.3208533100000004,0.11464302340882478,0.18599401303752033,-0.12970828575,0.5347855862500002
1972-03-01,247.8253648875,0.7184483588156902,246.24826475,248.82502524999998,2.595453213525,0.3016722764263608,2.2596851399999998,3.2838912925,61.49631143725,0.16583636286460549,61.1226952,61.738578975,0.3982069023180325,0.7184484089273672,-0.60145065975,1.9753090900000003,0.08180149907285737,0.16583615865511528,-0.16046814574999999,0.45541638149999997
1972-06-01,249.6374943,0.704128026236879,248.03616925,250.57460075,2.664396275675,0.28156476794057494,2.3343746050000003,3.3195457075,61.56628804525,0.16865861958791203,61.1763195,61.78959795000001,0.3516825311073471,0.7041278585912729,-0.5854218857499999,1.9530100850000007,0.07886679455127231,0.16865861986437253,-0.14444447375,0.4688346290000001
1972-09-01,248.4836077175,0.6986977523143948,246.85451625,249.239271,2.89226904915,0.28236581612033934,2.5951606799999998,3.5487080975000005,62.09293523775,0.17001099576750964,61.692736975,62.268589874999996,0.49775167590947716,0.6986978042945541,-0.25791540274999997,2.1268466875,0.1272796743713687,0.17001086840049695,-0.04837530574999999,0.5274778677500003
1972-12-01,248.9163218425,0.7768598011013457,247.12060375,249.62253925000002,2.94326287755,0.3069263254122364,2.6692650450000004,3.6599238225,62.2583166565,0.19186842041424917,61.810673025,62.428522775,0.6399109862381547,0.7768598301480684,-0.06630570875,2.4356300075000004,0.1627158944274507,0.19186842674287402,-0.007489164274999999,0.61036033125
1973-03-01,250.904398055,0.8845171140989304,248.9208385,251.74440975,2.784943239025,0.3467027862575361,2.4856169625,3.5744643775,62.13071608975,0.21845185665838157,61.642965475000004,62.345970300000005,0.7119070125279348,0.8845171018575432,-0.1281061325,2.6954658975000005,0.17527766542876508,0.21845198068887342,-0.03997684049999999,0.663028239
1973-06-01,250.634478785,0.9841113504963085,248.553169,251.73002949999997,2.7699550603,0.38391408910386743,2.406324845,3.617650745,61.90610296475,0.24131032665412078,61.391464325,62.186240075,0.7236625309095174,0.9841113486948172,-0.37189231675,2.8049695075,0.17321172697163711,0.24131040206223833,-0.1069298305,0.687848852
1973-09-01,250.8755547475,1.0626462570597504,248.60472325,251.899234,2.3375655568,0.42041119526518883,1.9437955475,3.2432169525,62.24269657575,0.2605081720316064,61.68089272499999,62.49538007500001,0.9505138269124787,1.0626463527689984,-0.07316677049999999,3.2213452575,0.24010682395364008,0.26050846240673925,-0.012577239274999999,0.8019118685
1973-12-01,252.6874123175,1.1149460126861999,250.30933025,253.796342,2.5704105207,0.45273872221073613,2.1473515675,3.5321738450000004,62.30678310825,0.2694524206048463,61.727477650000004,62.5805723,1.0531886044153675,1.114946065755976,-0.05573964739999998,3.4312750275000012,0.2571247686294125,0.26945287600472584,-0.016665674225,0.8364299650000002
1974-03-01,252.1284693775,1.067989932273028,249.8259235,253.1987505,2.3246177572,0.4531858029188054,1.8992033175,3.2929120275,62.47083768875,0.2516488189364921,61.90825095,62.72574709999999,1.070021230480776,1.0679900035466081,-2.568957194999998e-4,3.3725667500000003,0.25490839441665786,0.25164941656903933,-9.304065787499597e-7,0.8174938190000001
1974-06-01,249.8071511625,0.9079318477342648,247.69185075000001,250.7357035,2.65049181185,0.40133860959278744,2.278295645,3.5455408450000006,62.5216404835,0.20828620424266744,62.02135935,62.75080515,0.8259751698680312,0.9079319493274878,-0.10257261474999999,2.941277217500001,0.17861692500781404,0.20828661887095432,-0.050554555649999985,0.6788990242500001
1974-09-01,251.0330817075,0.7515540065744171,249.170166,252.22902150000002,2.726933327625,0.3231043834083639,2.320742355,3.508836205,62.26987681325,0.18115340619989406,61.830401925000004,62.6064371,0.311271353052143,0.7515540140237256,-0.8846714015,2.1741828650000006,0.03686977526953568,0.18115394150767233,-0.29969103799999997,0.4763439690000002
1974-12-01,250.9006885725,0.7297971978363097,249.26705424999997,252.6078805,3.89334091065,0.29281913644767577,3.2491482,4.58264895,62.7686069795,0.1848816789896313,62.380185524999995,63.224978525,0.0011114675213590001,0.7297972105992611,-1.706085395,1.6347462075000003,-0.02368148432855745,0.184881582296007,-0.48005369,0.36473857500000006
1975-03-01,251.2782659625,0.8045852793902437,249.776305,253.31221825,4.63618965095,0.3225802973447575,3.7934530449999997,5.253231792500001,62.70926376275,0.20076550316488193,62.35697735,63.220563150000004,-0.27108624335553827,0.8045852154184666,-2.3050412799999997,1.2308775950000004,-0.08345287057841554,0.2007656986174103,-0.5947518984999999,0.26883296000000007
1975-06-01,253.9802402125,0.8682136496193067,252.543987,256.25245725,4.777142140875,0.3583950580378946,3.80811235,5.356060599999999,62.6172506565,0.21119345765925376,62.26569585,63.181668775,-0.37865262897213026,0.8682136198498426,-2.6508716925,1.0576032825000001,-0.09729918831579275,0.2111936462198386,-0.6617175322500001,0.25425568500000006
1975-09-01,252.5946188425,0.9110047892808842,251.18580625,255.00490499999998,4.523451855275,0.38315380890409517,3.4756655724999996,5.08548432,62.63474096375,0.21796078049335335,62.30107575,63.216491999999995,-0.4539466337772144,0.911004773444433,-2.8642366825,0.9548684820000001,-0.11214877420380258,0.21796116632912027,-0.69390175475,0.22151874775000016
1975-12-01,250.4081704675,0.9642788149589314,248.90768925,252.90303550000002,5.044573423825,0.3954925547701369,3.9668233125,5.6228914025000005,63.24673234925,0.23295741371614703,62.85879010000001,63.8307901,-0.2495826508783325,0.9642788631026658,-2.7444484125,1.2508980425000003,-0.04401300991733225,0.23295727166050129,-0.6280708299999999,0.34392877525000015
1976-03-01,254.2399055575,0.9411343067273469,252.6874735,256.69197625000004,4.57400957825,0.3954989378734189,3.4796513225,5.198886992499999,62.8578964155,0.22258130402347037,62.4766418,63.431097725,-0.20175282536261777,0.9411343550202977,-2.6538260525,1.3506768500000008,-0.041134506038074725,0.22258138837140143,-0.61433615475,0.34012146325000014
1976-06-01,254.20887013,0.9613155962590205,252.66093025,256.75613625,4.48742327875,0.4002356123860837,3.377012595,5.1209756275,62.684228326,0.22998958326450084,62.3073834,63.28896965,-0.2621108738145919,0.9613156201933253,-2.8093768050000003,1.2858265675,-0.06463308335682146,0.22998951359904093,-0.66937603075,0.31221150925000013
1976-09-01,254.86223115,1.005313900671874,253.371759,257.55753325,4.70208183045,0.4192313268643143,3.5382497825000003,5.3150218225,62.32225982925,0.2433136652437368,61.973734275,62.96875825,-0.4473601132768031,1.005313983288444,-3.1426621625,1.0431082375,-0.11829553865635238,0.24331375487783877,-0.76479330825,0.23022978425000049
1976-12-01,255.4414226575,1.0796237685709906,254.03256650000003,258.285355,4.594923578575,0.4504982907399786,3.34529819,5.180164240000001,62.22249580475,0.26172820203873953,61.887226174999995,62.91468505,-0.5807206571655833,1.079623784826407,-3.424650665,0.8281346332500016,-0.1477972874186307,0.2617283030829544,-0.8399866440000001,0.18747239800000026
1977-03-01,254.415014795,1.186841505497491,253.085093,257.51400474999997,4.918178357,0.4893653092038046,3.5854746775,5.4703656175,62.6095804955,0.28860788478030763,62.29678607500001,63.3509033,-0.606272828400111,1.1868415037098206,-3.7052611399999997,0.7236522242500002,-0.1466224987950456,0.28860785149079204,-0.887945608,0.16617234800000016
1977-06-01,255.3534151125,1.3141791735881982,253.80828525,258.7170385,5.41112742405,0.5317683629144759,3.9850237175,5.9391330775,62.84243366625,0.3201210111681912,62.449091075,63.6472688,-0.6020391483491006,1.3141792107898644,-3.9656581925,0.9430912790000002,-0.14209818311366343,0.3201209906605205,-0.94693420575,0.25124578425000005
1977-09-01,254.5769736825,1.4426231861107706,252.83802125,258.190284,5.493790149,0.5763422502518974,3.9467360250000003,6.074871362500001,62.8537471445,0.3529971157481549,62.412485575,63.722821925,-0.659276585350948,1.4426231887581695,-4.27258198,1.0796743675000007,-0.15861905069049534,0.3529964741539713,-1.02769617,0.28264503625000015
1977-12-01,254.316958825,1.6986316949127935,252.60231599999997,258.3302555,5.409004961875,0.6634916815983881,3.7312260625,6.02544135,62.3451026765,0.43140410004933216,61.91711005,63.362727774999996,-1.1911503341525618,1.698631720609383,-5.2044458075,0.5234923220000003,-0.3179399377487018,0.4314050431339263,-1.3355675125,0.11005267250000002
1978-03-01,254.0454608475,1.8965836109661114,252.158115,258.30187825,6.11764710985,0.7772829693760849,4.29040087,6.8024617549999995,61.61521433025,0.475192445076686,61.130568100000005,62.7027372,-1.8074201540202806,1.896583677369182,-6.06383889,0.07992678927500009,-0.4722017637050966,0.47519298356536593,-1.5597253625,0.01244657395000003
1978-06-01,254.607706355,2.0366733344664762,252.70315875,259.110392,5.511028845125,0.8554254539327937,3.56445993,6.27338949,61.560055379,0.49860860672279395,61.098289075,62.675615349999994,-1.8582193878958426,2.036673396852353,-6.360904445,0.046329665400000004,-0.4503629365703152,0.4986087795729984,-1.5659231575,0.011403141500000004
1978-09-01,255.766131115,2.1239492317527446,253.8709485,260.38658275,5.54986553665,0.8977290324746542,3.5413642125,6.325000337500001,61.37290347575,0.5165807762396046,60.9161077,62.528911900000004,-1.887003109565116,2.1239492344619255,-6.5074581375,0.008175705652500004,-0.4541344139641382,0.5165809166970976,-1.6101434899999998,0.0026610776525000045
1978-12-01,256.19014596,2.1735760351563567,254.28017725,260.92421924999996,5.51423250825,0.9229951179102713,3.4584499825,6.300879320000001,61.18300902575,0.5264415317069162,60.724431925,62.36451385,-1.906867433896579,2.173575999456756,-6.6409431025,0.0030990925225000106,-0.45768730024202214,0.5264415971877487,-1.6391917575,8.897694255000002e-4
1979-03-01,258.4508531925,2.206415279019558,256.4800055,263.27353574999995,5.523185539625,0.9374546729108478,3.4284744025000005,6.320915715,61.0873091515,0.5328954391177486,60.610842575,62.290896999999994,-1.8929934715142285,2.206415330843999,-6.715679597499999,0.07785269005000005,-0.45189170209383317,0.5328955918775787,-1.6554809,0.024575108225000038
1979-06-01,256.403067465,2.2107128051651355,254.4636745,261.26624825,5.5286710361499996,0.9439572290691634,3.4097612624999996,6.321850315,61.04847467775,0.5328198932519235,60.57615695,62.24713695,-1.906603731871991,2.2107127262562436,-6.76978177,0.03279049797500002,-0.45650317502186666,0.5328201276369823,-1.6551662449999998,0.01581551890000001
1979-09-01,256.87403012,2.1679577180900096,254.99975600000002,261.71180925,5.42785478585,0.935898697737368,3.3107072925,6.211722695,61.02938179175,0.5188784375098145,60.5848431,62.224304875,-1.8613528158512525,2.167957619114512,-6.69912983,0.012919317150000014,-0.4416250326785211,0.51887843710531,-1.6365460625,0.002913973315000007
1979-12-01,258.168076145,2.1231396060710557,256.3616215,262.95299100000005,5.449243284025,0.9147618372736881,3.353430325,6.1932109650000005,61.31708552575,0.5065049070973194,60.88237145,62.501171075,-1.6886901269941437,2.1231396311556776,-6.473608615,0.11776589275000003,-0.39199512270933035,0.5065049381052159,-1.5760824349999998,0.04272156200000004
1980-03-01,258.126829875,2.0715055693251876,256.4335185,262.8709025,5.340327134125,0.8914666401889447,3.2701543075000004,6.053684495,61.402946705,0.49415774056399425,61.00355375,62.570881475,-1.5975729292650436,2.071505647748294,-6.3416443925,0.09573414407500001,-0.3746566673013747,0.49415773652596184,-1.5425910999999999,0.024735957950000012
1980-06-01,257.812608895,2.0310363830457328,256.0848585,262.5303565,5.58177146315,0.8706518077758448,3.5291844375,6.27235823,61.664905083,0.4849282600569873,61.245133525,62.825613225,-1.4793629113583542,2.031036328762345,-6.197115097499999,0.24838576825000025,-0.34468116189958903,0.4849282890003856,-1.50538884,0.075090625275
1980-09-01,257.7778365725,1.9815764602504702,256.00313950000003,262.391729,5.53040335945,0.8481073135663598,3.4958266075,6.2229468275,61.782639508,0.47316142030270725,61.3527877,62.9298313,-1.35399802643034,1.9815765208617229,-5.9678861025,0.42069747175,-0.3139924844213149,0.47316139748512787,-1.4611843724999998,0.11585951500000014
1980-12-01,258.93176227,1.9234207256561207,257.28472375,263.47845900000004,5.4138071653,0.8259998271474202,3.408150105,6.088800807500001,61.52615573,0.4597797670486946,61.125332875000005,62.65411542500001,-1.32863847177162,1.9234207059027526,-5.8753346324999995,0.3184044895000011,-0.31471163337827923,0.45977967119910657,-1.4426709575,0.08611124137500027
1981-03-01,258.7295051475,1.8976992482367214,257.0401035,263.24479275000004,5.2060408121,0.811569908452003,3.2103280950000004,5.897088345,61.42075099,0.4555155332066247,61.015398950000005,62.537066875,-1.2833074918913605,1.8976992690839367,-5.798595144999999,0.4060948257500008,-0.30404303410917827,0.4555154081610368,-1.420357855,0.10130922725000054
1981-06-01,259.7665475575,1.908841785266829,258.00866125,264.32375075,4.965443435775,0.8091392054129969,2.9725658299999997,5.672615985,61.354524301,0.460885727936821,60.930863949999996,62.481819775000005,-1.2583851305850489,1.9088417098057922,-5.8155899,0.4995045452500003,-0.30027288100024613,0.46088549108905075,-1.4275688875,0.12338936925000002
1981-09-01,261.2373249525,1.991114582705793,259.204875,265.9530975,5.29304521805,0.8256584105697395,3.2807976975,6.03384313,61.51361830275,0.4855772531521996,61.010757675,62.680420850000004,-1.2231931999957506,1.9911145760489248,-5.938961075000001,0.8092601077500002,-0.29191165663005514,0.48557694248810557,-1.4587143374999998,0.21095079950000006
1981-12-01,260.5503147075,2.16459641238711,258.55682674999997,265.61690375,5.37030620765,0.8806904136125884,3.2368484875,6.1453084825,61.2487001745,0.5369212330915021,60.767330675000004,62.5173682,-1.4834885019507438,2.164596381190587,-6.550078975,0.5099958712500001,-0.3737969253824115,0.5369213577452655,-1.6424659,0.10757290075000002
1982-03-01,259.38621102,2.3845722243306287,257.0834825,264.83427974999995,5.5223828359,0.9648314937858369,3.2538645725000004,6.3604615550000005,61.3782967945,0.5908746203398617,60.79870475,62.7250662,-1.6560380126735383,2.3845721809220364,-7.1041037225,0.6466894575000002,-0.4096940069182508,0.5908744971917561,-1.75646341,0.16989965425
1982-06-01,260.0794535575,2.646285908391232,257.6198285,265.95260425000004,5.771602341625,1.066547969635056,3.3313221124999997,6.7048227075,61.22026612725,0.6590946797218222,60.613511949999996,62.68310715,-1.9831513420853808,2.646285724829053,-7.856299052500001,0.47647273075,-0.4978228266085881,0.6590932594715233,-1.9606575624999998,0.10893019125000016
1982-09-01,259.8537091925,3.3485993446861753,256.70207175,266.66755874999996,6.039068625275,1.2885267545264856,3.3063088474999995,7.19055437,61.31839438525,0.8600701944665945,60.504261674999995,63.03822052500001,-2.8935641870086344,3.348599412334522,-9.707414762500001,0.25807163475000017,-0.7567879505929085,0.8600713372427962,-2.4766085175,0.057345535975000014
1982-12-01,258.5594772925,4.011787497201225,254.6138305,266.17353149999997,7.39394823045,1.5807082617809618,4.231805905,8.8620639125,61.7328065595,1.0085762379074337,60.72758592500001,63.64305735,-3.6301496495704377,4.011787585568955,-11.24420355,0.3155001380000001,-0.9184299563431912,1.0085772069122116,-2.82868101,0.08678916050000003
1983-03-01,257.8186402325,4.409793370470427,253.344999,265.972737,7.95756814035,1.8038004692277387,4.49308429,9.681978814999999,61.5218457745,1.083492421138547,60.410447675,63.52667220000001,-4.320211332313652,4.4097934970140695,-12.47431285,0.15343271750000007,-1.075572961466315,1.0834932400899306,-3.0804006024999997,0.03582564575
1983-06-01,257.478414315,4.593817211179616,252.75275525,265.99443675,8.3635995222,1.9335953659958331,4.69962426,10.24344515,61.4484867465,1.1081309056000324,60.3010165,63.500385775000005,-4.676662291630159,4.59381731166121,-13.192682699999999,0.04899264832500002,-1.1370621714987923,1.108132023399199,-3.1889674099999996,0.010409912725000007
1983-09-01,259.5884276075,4.480979089990856,255.09896,267.86245175,8.487965003025,1.9407137320091983,4.81356347,10.3608416,61.53376192825,1.0579357464910515,60.4791148,63.531811725000004,-4.489832473219285,4.48097912875857,-12.76385865,-3.674370457499997e-4,-1.054541026234963,1.0579359573849751,-3.0525909075,1.0680425025000078e-4
1983-12-01,260.562713675,4.240437000952892,256.35618625,268.48066875,7.93172282215,1.8602672487641787,4.3709988825,9.706783329999999,61.32912419075,0.9932839136903743,60.34893605,63.248345650000005,-4.202876211866269,4.240437284409896,-12.120831749999999,0.0036483962375000135,-0.9785585606614874,0.993285052856097,-2.8977803599999996,0.0016316033225000038
1984-03-01,262.21668662,3.937691715176128,258.38611275,269.76245325,7.713678804975,1.7449809756681793,4.2954330425,9.349976547499999,61.282670918,0.9167514326865744,60.39515925,63.10639805,-3.8866892536883753,3.9376919613994295,-11.432454275,-0.05611768552499975,-0.9005649604535995,0.9167504505839651,-2.7242912425,-0.013053138674999938
1984-06-01,262.53416465,3.815676240088298,258.88550299999997,269.9661945,7.625339284225,1.6536347282317247,4.332464645,9.1499229325,61.44153318975,0.8983916564280502,60.583583875,63.240825875,-3.487402237792535,3.8156760529490037,-10.919427624999999,0.16126138450000005,-0.80231716782844,0.89839159511941,-2.6016095700000004,0.055634972625000015
1984-09-01,262.8317828925,3.6427251707399146,259.4707745,270.076666,7.4223622814,1.5812842705274455,4.202927575,8.8515267425,61.31868264925,0.8571627368341159,60.5361007,63.063864699999996,-3.3020144621939473,3.6427251135638627,-10.54690185,0.05899152757500005,-0.7704906083722928,0.857162936227453,-2.5156737750000002,0.012090619025000022
1984-12-01,262.9499143125,3.442114114058099,259.71621975,269.9450045,7.2734203138,1.5105453607002286,4.143923457500001,8.6238358175,61.17090625775,0.8089922017725641,60.407492875,62.857528525,-3.2729943863200477,3.4421141951160896,-10.26808655,-0.03930092747499996,-0.7746461710444947,0.8089924977132147,-2.4612681124999995,-0.011230571299999999
1985-03-01,263.769279535,3.2774443506751076,260.7601665,270.58959,7.232275732975,1.4440467666510721,4.1840144950000004,8.514297339999999,61.2253611835,0.7698320766483621,60.5246866,62.86048075,-3.107444317630025,3.277444353181172,-9.927757602499998,-0.09833283104999999,-0.72821037018816,0.7698323338059426,-2.3633299675,-0.027535697699999993
1985-06-01,265.2924564125,3.0758292676115704,262.51035775,271.86352224999996,7.2325700965,1.3664533795975844,4.2821479700000005,8.42185776,61.2240482355,0.7179304497748599,60.57701455,62.797363950000005,-2.876092967631625,3.075829514022587,-9.4471591625,-0.09399482247499992,-0.6681476962035683,0.7179297913729552,-2.241463165,-0.021113111424999994
1985-09-01,265.735590125,3.028467024180199,262.9469765,272.254848,7.073544014275,1.3074033347710217,4.200553445000001,8.199714134999999,61.472465919,0.7143646199124182,60.80445075,63.037193475,-2.508180044588577,3.028466965669358,-9.0274400625,0.28043047975,-0.573010727714713,0.7143640497968923,-2.1377373650000004,0.09500781035000004
1985-12-01,264.7431174175,3.059766217495863,262.0069055,271.31836275,6.8420847898,1.2891568888601819,3.98841519,7.94857743,61.66046889,0.7297373029089117,61.01313635,63.2567406,-2.3420335389780225,3.0597660973776555,-8.9172799075,0.39417811425000004,-0.54581680603227,0.7297381320693507,-2.142089245,0.101514719
1986-03-01,264.7735903175,3.066389612523541,262.00680025,271.384998,6.93155822915,1.28572262590003,4.07055818,8.02192443,62.01467584925,0.7305337876410645,61.349520425,63.605255425,-2.2433114058138948,3.066389660906013,-8.8547205475,0.5234842482500001,-0.5246912215022225,0.7305334377953496,-2.1152718775,0.14046595225
1986-06-01,264.03038892,3.1353924271232625,261.14577875000003,270.6881935,6.83519473035,1.2968278888905806,3.9569656175000003,7.9448096475,62.43339810725,0.7523339155570724,61.73835235,64.0381534,-2.209351347096025,3.135392076570424,-8.867156342500001,0.6752576390000001,-0.5206043375617,0.7523342670763987,-2.12536052,0.174443082
1986-09-01,263.984549795,3.067315305277329,261.24493375,270.54971725,7.225150211075,1.2999113218009861,4.340889454999999,8.3322973825,62.49262886925,0.7297501171199946,61.83733132500001,64.07433040000001,-2.416633146562752,3.067315354846081,-8.981801355,0.32298585275,-0.5835387785744335,0.729750559462083,-2.1652416624999997,0.07176173440000001
1986-12-01,265.1452737625,2.9352051452285344,262.65563775000004,271.5769835,7.300019791375,1.2737808912697242,4.43871369,8.3574368025,62.538713933,0.6907713833838143,61.953153150000006,64.072347275,-2.477307468768685,2.935205160491824,-8.90901378,0.01232662270000001,-0.589368137623744,0.6907708996295565,-2.1230012575,-0.0038071002524999536
1987-03-01,265.6030927125,2.8108723799783224,263.19235975000004,271.8980325,7.25049805885,1.2334823015237264,4.4355083650000005,8.264889335,62.456783217,0.660195484272663,61.890815149999995,63.95280245,-2.48176701516425,2.8108724422629985,-8.7767101125,-0.071031150325,-0.5883623546269,0.6601957530782689,-2.0843810825,-0.022394652899999992
1987-06-01,266.526898225,2.681602434165042,264.26942,272.67758150000003,7.181618827725,1.1859385939180855,4.43075827,8.14538419,62.4525556515,0.6275051181002866,61.927793275,63.9130029,-2.353362369511625,2.6816024242253866,-8.50404374,-0.09588908547500001,-0.549864354559325,0.6275051918391019,-2.0103115925000004,-0.025101851199999994
1987-09-01,267.63251967,2.5407380668104547,265.5264675,273.59659174999996,7.059266643325,1.1284647076028267,4.4031173275,7.9554803675,62.43051725175,0.5923790589454231,61.938504275,63.853711425,-2.1615866921868325,2.540738030860348,-8.1256625425,-0.0555346437,-0.50008656203255,0.5923790867456444,-1.92328034,-0.008073005437499997
1987-12-01,268.92915782,2.375023551355359,266.87313775,274.62169300000005,7.07285248085,1.0617895052784676,4.5120431425000005,7.9082457575000005,62.31291473175,0.5508644264870264,61.813934599999996,63.673228125,-1.993793004595825,2.3750239261710555,-7.6863244825,0.062228614750001104,-0.46128595209046475,0.5508639530666346,-1.8215994875,0.03769514235000015
1988-03-01,268.49569171,2.376558055569893,266.4593425,274.18643025,6.764836848275,1.0236353556595283,4.27644641,7.5993686325,62.6164975045,0.5610397827239271,62.13268785,63.99501805,-1.6909267088110076,2.376558071466409,-7.381665925,0.34542739575000003,-0.3828604052739723,0.5610400258481836,-1.7613824274999998,0.10094887400000005
1988-06-01,267.901777855,2.3435766248983825,265.8154635,273.59389200000004,6.97388926315,1.002417478959364,4.518780284999999,7.834007435,62.790369544,0.5538397698327203,62.292521975,64.14476024999999,-1.5137078253807856,2.3435765185672977,-7.2058182925,0.5726027270000001,-0.34657556268100775,0.5538403617403751,-1.7009662700000001,0.15127406950000002
1988-09-01,268.2781450275,2.1431944740573603,265.894858,273.63458475,6.272507345425,0.9529799518777774,3.87416889,7.196710535,62.5171821475,0.4982721220284755,61.934068149999995,63.7822617,-1.5674239272628392,2.1431943960189552,-6.9238618899999995,0.8158663137500012,-0.3721726131063925,0.49827248455151396,-1.6372508725000001,0.21094133400000042
1988-12-01,269.2159819225,2.01704105710879,266.518797,274.38251799999995,6.160114930025,0.8959459851930416,3.8582411125,7.1736003975,62.7020772315,0.4694952487764336,62.040434025,63.921732475000006,-1.391161579595815,2.01704130253263,-6.557700295,1.3060204325,-0.31827657946611,0.46949492141318444,-1.53793252,0.3433657567500001
1989-03-01,269.2946778175,1.9952160292653198,266.2517925,274.33591574999997,6.1116825316,0.8613987863378407,3.877346525,7.247714835,63.0483285585,0.4696578624219696,62.31095655,64.25683557500001,-1.0217443709995626,1.995215951882533,-6.0629777124999995,2.0211455025000005,-0.21895956791760549,0.4696580313336384,-1.4274666225000001,0.5184128320000004
1989-06-01,270.6054952525,1.959451694180375,267.23876900000005,275.54712875,5.81593551515,0.8325358092488497,3.6180372724999996,7.065360299999999,63.19144778775,0.46072184809911304,62.372309975,64.35549867499999,-0.6423310023933425,1.959451822066716,-5.5839626975,2.724399505,-0.12517653619117974,0.4607219525248976,-1.28922743,0.6939637100000002
1989-09-01,270.781391285,1.9407116083957294,267.37367224999997,275.66346574999994,5.764839363125,0.8111447741993596,3.6320167700000003,7.089491955000001,63.3527459,0.45782755639580425,62.544694050000004,64.51748202499999,-0.3981637215855555,1.9407114325148231,-5.280233942500001,3.009557645,-0.075882092651232,0.4578271218623732,-1.240620525,0.7321697282500003
1989-12-01,270.091036375,1.983368501638937,266.74460849999997,275.17049625,5.6357055626,0.8138779144594395,3.49236351,6.9777843525,63.45971896575,0.47512632305044256,62.666930825,64.6707668,-0.423827212749925,1.9833684224377475,-5.5032859925,2.9226004275000017,-0.10044626854031499,0.4751267187335533,-1.3114941075000002,0.6923429120000001
1990-03-01,270.4625894675,2.0369160269574103,267.34749725,275.67472200000003,5.988209254525,0.8313700033353817,3.7920481475,7.263029637500002,63.68110184775,0.4888750311432702,62.9461514,64.9183766,-0.47190295958379996,2.0369159862444803,-5.684032005,2.6431936650000014,-0.1126956307632375,0.4888747135685005,-1.349969775,0.6222556687500002
1990-06-01,270.30388184,2.169723132140447,267.57402475,275.78173849999996,6.1751046137,0.865416233015205,3.9076375175,7.3482765725,63.9286222635,0.5279703817790412,63.2821974,65.229736125,-0.5826096962268,2.1697227059063007,-6.060466239999999,2.1472514200000004,-0.14317911498149,0.5279694111038782,-1.4442927200000002,0.5032450205
1990-09-01,269.811429835,2.5048967295427746,267.17541450000004,275.83407324999996,6.811916396375,0.9615435905531897,4.360923757499999,7.875216985,64.18559411775,0.6264479054105595,63.530982325,65.64448095,-0.97266410887735,2.504896867271864,-6.9953080275,1.6633548125000004,-0.25506792242642,0.6264491759101761,-1.71395871,0.39954850775000006
1990-12-01,270.46741666,2.6878011226149674,267.877319,276.73831425000003,7.271630791775,1.069972932772226,4.6567562475,8.243669474999999,64.07329730925,0.6579600221554444,63.436769825,65.570259,-1.4604890029026125,2.6877999590739434,-7.73137971,1.1296135400000002,-0.37472800806837503,0.6579569568308536,-1.871685525,0.26179675625
1991-03-01,269.855887945,3.283324082891818,266.72048874999996,276.76587325,7.82622518435,1.260835023525871,4.94431257,8.9226733725,64.04911870775,0.8328511430466675,63.236332974999996,65.761364125,-2.4680241485219505,3.2833249546035814,-9.378013765,0.66737968525,-0.6552226041810401,0.8328541810076419,-2.3674706275,0.157569537
1991-06-01,269.8568013575,3.7248829115856297,266.26858024999996,277.26827325000005,8.43821389385,1.4833513083104408,5.259607237500001,9.7801150975,64.14289906025,0.9213041522688589,63.249579225,65.961568325,-3.024278765231195,3.7248830763916088,-10.4357523,0.5639437247500001,-0.7574351723365275,0.9213049198789928,-2.57610519,0.1358844275
1991-09-01,270.4752650175,3.886738567066465,266.77050625000004,278.0693585,8.43025815485,1.6137532155410685,5.091911317500001,9.9048539075,63.7947979205,0.9401869774095355,62.890311475,65.6423477,-3.527445617650044,3.8867388947228867,-11.121544400000001,0.17731302150000003,-0.870651699912009,0.9401873945490288,-2.7182022325000004,0.03383652337500001
1991-12-01,270.5438920525,4.039852296739161,266.64374725,278.30313650000005,8.67850451065,1.695943197774389,5.23414534,10.24463495,63.717037541,0.9728119302602983,62.771218875,65.60450885,-3.82580950259984,4.039852555535734,-11.585051574999998,0.07433127580000008,-0.9301044463839473,0.9728127289745502,-2.81757676,0.015713599074999998
1992-03-01,271.0439389125,4.164139134047603,267.11367775,278.96989199999996,8.8116758741,1.7550118828193577,5.28117736,10.429024825,63.85431753575,0.9983102337640181,62.91384849999999,65.7796811,-3.889083840090243,4.164139114471839,-11.815032975,0.041173990125000046,-0.9293526713289125,0.9983104910303537,-2.8547151724999997,0.011116108125000005
1992-06-01,271.59666692,4.1688503161063295,267.6202535,279.50706775000003,8.9881975833,1.7803435394782468,5.42413586,10.628524125,63.765179538,0.9925779593955376,62.81535385,65.68615385,-4.015706675237735,4.16885065349761,-11.9261058,-0.03929771819999998,-0.9615119532658625,0.9925781868190031,-2.8824863374999996,-0.011684358199999984
1992-09-01,272.2329590875,4.213146305744324,268.21649,280.18215549999996,9.1779321829,1.7917097270184763,5.5998404299999995,10.829893775,63.92482592275,1.0038566777327962,62.96259625,65.85941505,-3.942148199225465,4.2131460993494985,-11.891341675000001,0.07432422605000004,-0.931702533452375,1.0038570055444567,-2.866292455,0.03052837795000002
1992-12-01,274.082068405,4.061981295643667,270.18822974999995,281.850894,9.512305791225,1.7638790203561214,5.981154697499999,11.141093375,63.6119057005,0.9558950106341656,62.6934333,65.4956664,-3.9619092436185253,4.0619814785010995,-11.73073205,-0.06806519099999998,-0.9394440201137451,0.9558941559663602,-2.823204285,-0.020968840474999993
1993-03-01,274.414521315,4.009404021669245,270.579265,282.12101499999994,9.28173177235,1.7305328733312404,5.7923197225,10.881328275000001,63.368870744,0.9480983423157536,62.46141185,65.233682575,-3.91571744479135,4.009403882259088,-11.622215950000001,-0.08046390842499997,-0.927199674967,0.9480993883151724,-2.792013655,-0.01974206862499999
1993-06-01,274.85213914,3.868317849195864,270.94539999999995,282.38146725,9.21986952945,1.6955557215009804,5.7790462825,10.8175127,63.1830592715,0.9099315256708733,62.24910505,64.991745875,-4.02944530778375,3.8683179421315965,-11.558771174999999,-0.12270142049999996,-0.9642700728964501,0.9099319194043227,-2.7729578675,-0.030313063899999965
1993-09-01,274.71696414,3.7827853973744014,270.790178,282.16337350000003,9.259667609325,1.6627186445438877,5.8557251400000006,10.8641048,63.316863778,0.8916226832881927,62.38048375,65.1121434,-4.027531901605452,3.7827861579512603,-11.473944325,-0.10074049849999996,-0.9583987269628175,0.891624393664561,-2.7536798725000002,-0.022015351349999997
1993-12-01,275.7982161375,3.5949644898062623,272.259775,283.06541250000004,9.3674231622,1.592835757802183,6.06387228,10.870050225,63.6709360865,0.8355307239682926,62.84690295,65.382241875,-3.54253254806334,3.5949643640791797,-10.809732400000001,-0.004092192187499946,-0.8093495142311969,0.8355300120019833,-2.5206540924999996,0.014683733150000038
1994-03-01,276.7769998075,3.3100034347802123,273.64231225000003,283.6804305,9.07496280135,1.4790669970581767,5.92518418,10.429288625000002,63.5355290535,0.7632978542258039,62.81946925,65.15388114999999,-3.1871266266484826,3.3100033461805034,-10.090553550000001,-0.052442582824999966,-0.7301680964840325,0.7632975657919242,-2.3485212100000004,-0.01410822294999994
1994-06-01,277.40675962,3.049286727249842,274.60014225000003,283.956446,8.64595019205,1.3642177239909177,5.66738249,9.8600900025,63.3874088135,0.7028561629349508,62.744987125,64.92586955,-2.903800332866225,3.0492869817308326,-9.453485704999999,-0.09718535797499987,-0.6681656313270425,0.702856016521865,-2.2066235749999996,-0.025742999449999984
1994-09-01,277.44102192,2.9498828840807074,274.7557895,283.9112325,8.38008684095,1.2826487716001818,5.5195131125,9.4912513525,63.66858570525,0.6887145100744249,63.0326803,65.1868918,-2.475492947779683,2.9498825895294014,-8.9456997125,0.20973689550000002,-0.5587140543535106,0.6887147575555579,-2.0770216350000004,0.077193283675
1994-12-01,278.134301405,2.7280971356474475,275.75671674999995,284.2968765,8.06517474035,1.2027987330928402,5.3195835525,9.0873390025,63.55730114925,0.6314008476988622,63.011386425,65.00486269999999,-2.30765047857158,2.728097279182864,-8.4702295625,0.06993834072500009,-0.532383390267951,0.6314003352684523,-1.9799432525,0.013530664400000007
1995-03-01,277.5100405325,2.652310751556772,275.26548425,283.5371595,7.848679773325,1.1451338112820817,5.182148945,8.791262829999999,63.74859474,0.6222525810195026,63.22427592500001,65.1782695,-2.1070058584889146,2.652310684458464,-8.1341261075,0.13755471400000002,-0.4853328485808775,0.6222528470747504,-1.9150077175,0.038987865925000004
1995-06-01,277.4819326275,2.5683415567179853,275.34456850000004,283.402597,7.512458853875,1.1066846766677139,4.87803445,8.407255665,63.93046246775,0.603201055203964,63.4284164,65.327566,-1.9525933020431312,2.5683413258900467,-7.8732606,0.18476705375000005,-0.45071431794639977,0.6032016722371196,-1.8478184025000002,0.05133327467500005
1995-09-01,279.2946509225,2.400615558507539,277.060459,285.00025024999997,7.572361150275,1.0514544193356117,5.0191686275,8.444381155,64.05725468125,0.557952116251575,63.525323825,65.388864325,-1.847335892937921,2.4006156417054103,-7.5529394524999995,0.3868605320000005,-0.4267483445647195,0.557950701554097,-1.7583557225,0.1051859147500001
1995-12-01,278.882404225,2.3940196474445106,276.796687,284.60285825,7.6288482834,1.0213677838019204,5.123227819999999,8.481345487499999,64.14480466675,0.5669038902130918,63.6540042,65.49194754999999,-1.7714218302335623,2.3940194498036504,-7.491872624999999,0.3142937385000003,-0.41378628724216976,0.5669044590632565,-1.760929305,0.07701471870000001
1996-03-01,280.0273723325,2.3034664544561063,278.09201475000003,285.6152775,7.6502372127,0.9984499495876616,5.1806021275,8.453488700000001,64.0691784045,0.5405855790098372,63.61448415,65.370928175,-1.7793822314862855,2.3034663961950916,-7.36728587,0.15597299000000006,-0.419310622880211,0.5405850179297126,-1.7210598625,0.03538397652500007
1996-06-01,280.36103539,2.2752589678724746,278.51207900000003,285.864795,7.6626219309,0.9800298634942778,5.239234285,8.4342199,64.0096905295,0.5378170393155024,63.573859975000005,65.3024336,-1.8127875405483789,2.275258872069685,-7.3165473075000005,0.036170481825,-0.430728521248915,0.537817225086285,-1.7234714075,0.005102708175000008
1996-09-01,280.8774190175,2.241971937027829,279.04667749999993,286.30060225,7.8576657095749995,0.9697652056231632,5.455423755,8.6190768825,63.9558812555,0.5297086183793045,63.52178034999999,65.22231359999999,-1.8572803840556493,2.24197185751917,-7.280468045,-0.026543014699999992,-0.442274320852525,0.5297087616920533,-1.7087069675,-0.008173325579999998
1996-12-01,281.522056155,2.1684453492212237,279.68797750000004,286.82393675,7.845022379425,0.9512498084231753,5.48163789,8.605765835,63.81610894975,0.5096508410097306,63.382086425000004,65.05446994999998,-1.903980034041175,2.168445521315544,-7.205859355,-0.06990463114999995,-0.453548242982475,0.5096507636682259,-1.6919115775,-0.01952479377499999
1997-03-01,281.79906869,2.124843068469726,280.01661025000004,287.02658925,7.857348481125,0.9305091606632263,5.5399845050000005,8.605896314999999,63.76404806375,0.5007452368278056,63.344429000000005,64.981755975,-1.8393646327238,2.1248427678163138,-7.0668889075,-0.05690518257499996,-0.432388670273135,0.5007462454843106,-1.650096855,-0.012770019349999991
1997-06-01,284.3974386275,1.9017954599559512,282.725175,289.28811025,7.7540487355,0.8711508432904367,5.5301136474999995,8.452775122499999,63.45976936975,0.43694151172997536,63.072976075,64.576785975,-1.7778998029901911,1.901795848188473,-6.6685719075,-0.10563458549999996,-0.4148955419723025,0.4369404219920849,-1.531911185,-0.028098443074999972
1997-09-01,284.1129807775,1.8573508699139112,282.5728235,288.92525900000004,7.700557729375,0.8230027627895526,5.558784715,8.348710765,63.36006227925,0.4360138188211923,63.001198225,64.48038545,-1.6113615558311274,1.8573508831227228,-6.423639645,-0.07120278312499996,-0.3729408740160025,0.4360146119712683,-1.4932658474999998,-0.01407690114999997
1997-12-01,285.0605595975,1.771900402720213,283.63419275,289.755459,7.3689660655499996,0.7863478552584836,5.299760389999999,7.9689452625,63.34265440625,0.4139778738626881,63.0058252,64.43731152500001,-1.42244957326114,1.7719003110705607,-6.117346920000001,0.003922060697500063,-0.32471926714482624,0.4139778217211327,-1.419375955,0.012109666225000003
1998-03-01,285.27096761,1.666745789281305,283.90316525,289.74376975,7.272909795475,0.7451280636067319,5.277840477500001,7.834493634999999,63.215357834,0.3895144080879742,62.89218405,64.269111175,-1.394143019752425,1.666745905220251,-5.866947032500001,-0.02633744907499995,-0.3280773010136475,0.38951468432347935,-1.38183076,-0.0049028228324999885
1998-06-01,285.92057133,1.5779391022240732,284.6469155,290.22871725,7.2001129176,0.7073174343510372,5.258314947500001,7.72646535,63.2577909795,0.36878172006729404,62.9533937,64.278006225,-1.292847109294575,1.577939279766207,-5.600989404999999,-0.0191879866749998,-0.299984873991305,0.3687819758731959,-1.320199545,0.004412444367500084
1998-09-01,287.1947432075,1.4899398929895347,285.789691,291.380827,7.3340611797,0.6643632703940969,5.4801227625,7.869753245,63.38718859225,0.34846335427706454,63.039771925000004,64.376814725,-1.0123802262146524,1.4899398851070136,-5.198464675,0.39266889950000017,-0.22088513094702825,0.3484630743344815,-1.2105116225,0.12653663425
1998-12-01,288.232496475,1.3802778490365477,286.74342625,292.16005525,7.00604296135,0.6164782497080069,5.2605594975,7.596208395000001,63.14265186875,0.3225940042830398,62.7789867,64.07004570000001,-0.8329369607866618,1.3802777907406516,-4.7604936175,0.6561370692500001,-0.18362124717893474,0.32259385242228933,-1.1110142225,0.1800443737500001
1999-03-01,288.54592129,1.2975080457373762,286.9691715,292.26902749999994,6.759471468475,0.5774946526548276,5.096846607500001,7.397364927500001,62.8628456245,0.305392428031101,62.480343725,63.749287475,-0.7855794268817275,1.2975080736973108,-4.508686084999999,0.7911664235000008,-0.1823010040996625,0.30539258496975996,-1.06874269,0.20020132625000003
1999-06-01,288.61502023,1.241058542360407,286.96959325,292.19356224999996,6.57970264645,0.5507633819722279,4.9767016475000005,7.251081415,62.76421413925,0.2939562082234608,62.373932100000005,63.617009475,-0.7810851886209,1.2410586494859983,-4.359625745000001,0.8643461192500002,-0.18559830429470925,0.2939564763974634,-1.03839464,0.20468233875000005
1999-09-01,289.23382439,1.2015683819360825,287.6067545,292.7007235,6.60722773425,0.5303750231967066,5.05841235,7.282561107499999,62.9339136425,0.28525004557449385,62.543251875,63.76668105,-0.618392718010145,1.201568372238623,-4.085291235,1.0086776400000004,-0.13721599572835938,0.28525015688995936,-0.969984116,0.2534472605
1999-12-01,290.405300365,1.1533417996558633,288.705715,293.699117,6.430312242825,0.5076963106262858,4.957833255000001,7.1417185475,63.01885253025,0.2741814164420077,62.59696480000001,63.801563200000004,-0.442917772216355,1.153341784214039,-3.73673535,1.2566680450000003,-0.092627718933123,0.2741813436302169,-0.875337988,0.32926217325000023
2000-03-01,290.305990645,1.1180110920862285,288.61575050000005,293.48156850000004,6.494237309725,0.4890754948793867,5.084292095,7.2226062375,62.96875102525,0.26675683625013935,62.553631375,63.74348515,-0.3534789308640125,1.1180110976819226,-3.52905743,1.3367595600000004,-0.07768442933442175,0.26675685121454834,-0.8524182795,0.33743500125000025
2000-06-01,290.7071559125,1.1128637499314529,289.10597299999995,293.85600999999997,6.208546571275,0.4767768394983957,4.8385658575,6.9267999300000005,63.1414895325,0.2676386786688181,62.750339175,63.899814975,-0.10536004834524,1.1128637735641143,-3.2542133224999996,1.495823902500001,-0.008373957966260526,0.2676387953493029,-0.7666985695,0.38277563275
2000-09-01,290.4319542975,1.143602242327143,288.99636025,293.703747,5.96739496765,0.47209560732064115,4.5964516875,6.640434310000001,63.412364216,0.27865778698732246,63.076449725,64.19551315,0.12189656877909,1.1436019490082823,-3.1498967325,1.5574883775000001,0.0455701373825095,0.27865816210130817,-0.7375772487499999,0.3814851195
2000-12-01,290.2906733125,1.1364606500849033,288.79817525,293.43304225,6.05434033125,0.47463887804075394,4.6975302525,6.685927275,63.14243560325,0.27907302007061285,62.780827425,63.88988305,-0.4853274034019225,1.1364607812148606,-3.6276986825,1.0071670650000006,-0.15122515969264974,0.2790740585762994,-0.8986740867499999,0.21038527900000017
2001-03-01,291.037469375,1.1333247019527428,289.5320375,294.20533174999997,6.116543359725,0.48710884066714666,4.7580045024999995,6.730303575000001,63.1882997915,0.2738907044242622,62.827127075,63.92773835,-0.753522588854225,1.1333248479301608,-3.9213881125,0.751904658250001,-0.19877185649980025,0.27389082270630744,-0.93820999875,0.1623994465000003
2001-06-01,291.4966553225,1.1775468562863574,290.14863,294.77889450000004,6.588312882625,0.501841965378503,5.1902292075,7.171678569999999,63.6110307675,0.2856838064485905,63.289268449999994,64.3755188,-0.6947776321765058,1.177546882327728,-3.977016045,0.6532496450000026,-0.164167210707868,0.28568397751373714,-0.9286560719999999,0.15759506375000001
2001-09-01,292.2961014825,1.1494032367083216,290.910153,295.496181,6.588420736625,0.5025349744344542,5.175482685,7.1557430675000004,63.5691349085,0.2745104417330992,63.229623374999996,64.30969655,-0.70394117811291,1.1494033504574737,-3.9040226825,0.6820020897500002,-0.16702022167363734,0.2745104967175545,-0.90758224175,0.1724912785
2001-12-01,293.024070575,1.1166097033701992,291.5790805,296.118418,6.720699169225,0.48978801220573803,5.346211662500001,7.3132579625,63.60039327075,0.2663946179125597,63.242956525,64.314849725,-0.6158695142406275,1.1166097880188082,-3.7102130925,0.8291196962500003,-0.13972882056912525,0.26639452358147836,-0.8541852219999999,0.21770819575000014
2002-03-01,293.3112892925,1.0741811781821602,291.819312,296.307288,6.4027952083,0.47308200796126315,5.0713464125,7.019899670000001,63.43822653325,0.2564348727645263,63.06878475,64.129124275,-0.5332224508625032,1.074181132517884,-3.5292221175,0.9587582382500011,-0.12051022085322,0.25643507909092217,-0.8114096565000001,0.24893147425000006
2002-06-01,294.679088735,1.0198023263453335,292.99687875,297.4138225,6.209753577275,0.4516872333285665,4.9431235075,6.8714464175000005,63.24726281875,0.24458975089460225,62.819141175,63.871505875,-0.49578544435678673,1.0198023925802016,-3.23052048,1.1864235275000001,-0.1135281595188,0.24458969859344365,-0.73777114275,0.31459608775000003
2002-09-01,294.4533977875,1.0096641203547663,292.80657249999996,297.17979025,6.1268101868,0.4400587842842153,4.9113743525,6.819037685,63.39179508925,0.24340549279142937,62.9855892,64.021927125,-0.34586251449577826,1.0096641275017662,-3.0722507125,1.3009637625000001,-0.073404879822969,0.2434056158120205,-0.703537996,0.33280065150000004
2002-12-01,294.804398615,0.9961840471612846,293.17817575,297.48328225,6.0500693732,0.43235868620715795,4.86785621,6.740355425,63.58058689825,0.24052177398135216,63.1693339,64.197701175,-0.21207762002279576,0.9961841001710102,-2.8909593675000003,1.4141455875000004,-0.04066545348578578,0.24052175061364128,-0.65777843325,0.37058740675000024
2003-03-01,294.4659822025,0.9999524157080645,292.93390124999996,297.15260925,5.993215951975,0.42683401135481575,4.832595682500001,6.6777539400000006,63.88426668775,0.2431942106064151,63.5033356,64.5202232,-0.06186005177344,0.9999523802753704,-2.74848628,1.4702185450000005,-0.003444119663775999,0.24319448529087706,-0.6394056229999999,0.3774857497500003
2003-06-01,294.718885305,0.9512957357391897,293.03885475,297.2275285,5.977253492775,0.41522553896131387,4.864044275,6.6742152175000005,63.59531241875,0.23082392509611965,63.169994525,64.16196384999999,-0.24102166738955424,0.9512957489797754,-2.7496629925,1.439010005,-0.06480122263690825,0.23082414034441506,-0.6314511717499999,0.3605170170000001
2003-09-01,296.06332772,0.9412856174049856,294.18992099999997,298.28526,5.831153234375,0.4056540322514673,4.801753895,6.5845067925,63.438235464,0.23144281888005294,62.967315175,63.954927325,-0.2162985608149225,0.9412856350495087,-2.43823468,1.6571061825000004,-0.0484531616186425,0.23144287527399446,-0.56514524375,0.42246819375000016
2003-12-01,297.2331952175,0.9575875456071781,295.20862374999996,299.380227,5.683995551275,0.4068187943895149,4.719498145,6.4970698775,63.421912482,0.2371299013268213,62.9081545,63.9071788,-0.0410252294602925,0.9575876349400637,-2.1880555599999996,1.9835496625000006,0.0018477307864897513,0.23713020134578963,-0.48341829225,0.5156055297500001
2004-03-01,297.517570555,0.9707333304348299,295.396201,299.5705075,5.5589956078,0.4121024847441457,4.636567405,6.4350267274999995,63.282748116,0.23936444523331157,62.754325075000004,63.7456837,0.0399777389508625,0.9707333808983383,-2.0129575925,2.1613469050000016,0.0147570196416355,0.23936431739594327,-0.44817955974999996,0.5431804537500003
2004-06-01,297.901489095,0.9808226807286011,295.70916174999996,299.840712,5.486744670875,0.4162670480287227,4.602138342499999,6.405091755,63.316112269,0.2415828712203484,62.774060525,63.75167545,0.1075302765197575,0.9808226398725126,-1.8316934399999998,2.2998612375,0.02959140449195375,0.24158279690491163,-0.40597215099999995,0.5716429390000001
2004-09-01,298.2001815775,1.003784607062855,295.931088,300.026883,5.554991682375,0.42192096215131253,4.7125152625,6.499991070000001,63.36215251125,0.24834892289092506,62.79761815,63.771677049999994,0.1577734984513875,1.003784406564763,-1.6689309699999995,2.4268630175,0.040571860680154996,0.24834879966989873,-0.36895263675,0.6051054475000002
2004-12-01,298.4274786425,1.0138761690010518,296.13265275000003,300.23164575,5.2395905005,0.4296998640031389,4.4436409125,6.21417558,63.63340440325,0.25104750455154695,63.057463874999996,64.036337875,0.332946133822985,1.013876233321226,-1.471221875,2.627769475,0.09016851763683538,0.25104746727071753,-0.31276748325000003,0.6661083955
2005-03-01,298.643895955,1.021331514527619,296.33712849999995,300.42341125,5.286736878075,0.4379173379012615,4.5120331725,6.2856801099999995,63.99641646825,0.2525300971581707,63.421669050000006,64.3907421,0.49928336092733666,1.0213314787634586,-1.28023016,2.806048915000001,0.13069238341673928,0.2525303179267184,-0.26363287199999996,0.7054412912500001
2005-06-01,298.643725955,1.0252543500652262,296.31401050000005,300.38854200000003,5.282655440475,0.4440257903909191,4.55071416,6.299318365,64.24361317175,0.25291931743216617,63.673710975,64.640657675,0.61376309943995,1.0252544256528011,-1.1310540199999999,2.943475220000001,0.155584908966005,0.25291932521206434,-0.241459363,0.7254876715000002
2005-09-01,299.3133523425,1.0548120298229458,296.91314149999994,300.95027250000004,5.2129882123,0.45305130315585984,4.5222522675,6.242748592500001,64.35941137975,0.26153691439820925,63.7617626,64.731829925,0.6677383421202727,1.0548121990515085,-0.9691767594999999,3.0679495225000006,0.16571089205287726,0.2615371864378321,-0.20670772899999998,0.763361466
2005-12-01,299.802923365,1.0977258083243704,297.30899025,301.306294,5.261572746175,0.4648300221368092,4.6082952225,6.32356857,64.297142382,0.27238037438437274,63.672358,64.634555625,0.5958405129294045,1.0977258318598033,-0.9075316790000001,3.0897732,0.14033484668641125,0.2723805558098486,-0.19707770249999998,0.7651191159999999
2006-03-01,299.45965219,1.101917105502044,296.9620825,300.872268,5.284339035125,0.4680693398407876,4.661810549999999,6.3448611900000005,64.36259929625,0.27135799161595553,63.738884424999995,64.69235535,0.5527244642377328,1.101917112602469,-0.8598960007500001,3.0502898525,0.12971561395367626,0.27135779853366127,-0.20004085375,0.7534295245000001
2006-06-01,299.346062055,1.1188264059155335,296.847489,300.69539075,5.101097188525,0.47062984212526,4.51413897,6.1607318475,64.49201536175,0.27686590053054566,63.868252325,64.80661315,0.5884126430319887,1.1188261872753253,-0.7609198189999998,3.086984642500001,0.14324006926767355,0.27686535747463387,-0.17135886,0.7670036725000003
2006-09-01,300.194784725,1.1952944117617514,297.53487475,301.44716325,4.977236846325,0.4932053421834864,4.4357292325,6.0754966475000005,64.76478038275,0.30062970567763797,64.10400845,65.0579001,0.8112243575842346,1.1952946518831338,-0.44115706224999973,3.4711375750000033,0.20993022203622574,0.30063034880585704,-0.08319090269999999,0.8707022770000005
2006-12-01,300.919052825,1.323555510090847,298.02676125,302.158221,4.861081474305,0.5344095753045468,4.3691973375,6.036204120000001,64.6565046195,0.33278561656844247,63.934985525,64.96145229999999,0.8403006952800726,1.32355560029044,-0.39886972075000005,3.732596175000001,0.2055106227123025,0.33278574726821586,-0.09943757742499998,0.9270302937500003
2007-03-01,301.6212466525,1.3991376970128142,298.59064524999997,302.88617250000004,4.9307595764,0.5704070618587201,4.458573082499999,6.1659431300000005,64.74502841125,0.3485423638353135,63.993947025,65.0494725,0.9432638378068747,1.399137742853045,-0.32166297725,3.973868365,0.23296479327889574,0.3485428070907415,-0.071479989225,0.9840466235
2007-06-01,301.6806234875,1.4223682604340848,298.61628774999997,302.89329775,4.7461436138275,0.5910827139765323,4.270550135,6.003542925,64.80344741325,0.3507777412427844,64.0447658,65.095379325,1.048456493498655,1.4223682286899995,-0.1642206755,4.11279554,0.25741096594224155,0.35077746186928604,-0.03451824469999999,1.016092095
2007-09-01,302.285109885,1.4466779358821298,299.18557100000004,303.52900575,4.7112728514425,0.605129547845368,4.227392125000001,5.9990828475,64.955971828,0.3565924513243891,64.18026975,65.2582284,1.1422603511317866,1.4466778523430264,-0.10163221874999998,4.2417974325,0.27981024841500524,0.3565930017183322,-0.022448098649999998,1.0555138300000004
2007-12-01,302.0613601975,1.4065512902279804,299.0212845,303.26577799999995,4.8381551614375,0.6054652106085939,4.3526577175000005,6.130278862500001,65.10558339675,0.3429595326327456,64.35000117499999,65.395818375,1.2303999888911,1.4065515222048015,0.025977680850000004,4.270473170000001,0.299840261432425,0.34295950670270264,0.009604842035,1.0554229000000002
2008-03-01,302.5494893125,1.402021028104951,299.51513874999995,303.77575525000003,4.582146247235,0.6019573114025619,4.091504209999999,5.86497213,65.09643927375,0.34340844144267235,64.34035990000001,65.39222805,1.2411464486792,1.4020209937462733,0.014881505750000001,4.275494615,0.29886884730075924,0.34340898148743565,0.0030764316725000003,1.05494985
2008-06-01,302.3274687725,1.3041739998692286,299.4402035,303.53417375,4.7533701045,0.5816866624131724,4.271293979999999,6.00615078,65.23292278025001,0.3151661370381839,64.525675725,65.520738725,1.258569606325225,1.3041741671332634,0.05186026555000002,4.1458359925,0.302147007975625,0.3151662274940223,0.014329883475000003,1.0093938075
2008-09-01,302.5207256425,1.2208988143769017,299.77756,303.65145075,4.6563779350975,0.5493114780895852,4.199483914999999,5.8543897625,65.24780662875,0.29585787729156426,64.56828835,65.5174583,1.177241156928275,1.2208992571708017,0.04651937737500001,3.9204093275,0.2776314108511075,0.295858834596647,0.007984151545000004,0.9571477865000005
2008-12-01,301.9618475,1.073393713628748,299.46407374999995,303.35896525000004,4.7966864536075,0.4897991107911264,4.2962203924999995,5.9081021325,65.25667655975,0.25964991347231176,64.64546082499999,65.63158795,0.7406687777638015,1.0733938074401164,-0.6564457049999998,3.238438792500001,0.14811114507773726,0.25964969202892574,-0.2268065245,0.7593250957500002
2009-03-01,302.63917488,0.9945979642654942,300.267872,304.2374485,5.53204656095,0.44263908462652213,4.892243940000001,6.583183315,65.527168967,0.24347542220934618,64.974665975,65.935778375,0.475609855216224,0.9945979501058224,-1.1226625799999999,2.846911265000001,0.09669675690784,0.24347553176862946,-0.31191169249999995,0.6492007095000009
2009-06-01,302.9912749625,0.9641238581614487,300.729781,304.69779275,5.864836183825,0.422113510341877,5.1451333275,6.8568684950000005,65.4457227335,0.23695175466564342,64.91452065,65.8631372,0.2667453167190795,0.9641238475965078,-1.4397695724999997,2.5282391600000014,0.05160497416089175,0.23695177746921434,-0.36580933449999997,0.5828075435000003
2009-09-01,302.950812735,0.9461469938131946,300.77451025,304.722228,5.761966144125,0.41231008746322184,5.0107283925,6.718069965,65.28459631,0.2328254126406474,64.76449685,65.71298355,0.1484358018247225,0.9461469625948725,-1.6229781374999999,2.324737440000002,0.02874762996218825,0.23282531482679095,-0.3996419215,0.5488454410000001
2009-12-01,303.33595307,0.9408528433903222,301.13377525,305.10974675,5.619589726425,0.408626504376601,4.8453322325,6.55449744,65.2392162925,0.2325251278770222,64.71964375,65.65813859999999,0.151349651974259,0.9408528733757999,-1.6224424799999997,2.3535227300000003,0.03764160511128261,0.23252516085135855,-0.3812808325,0.5572150915000008
2010-03-01,303.3111710475,0.9354972259365663,301.1473785,305.06465899999995,5.396176773675,0.407291291876532,4.627132950000001,6.321302780000001,65.2250628285,0.23129555207108393,64.7082579,65.643564475,0.178618008954679,0.9354972595162809,-1.57486602,2.342411555,0.04571333491211345,0.2312954953533042,-0.37278828025000005,0.5625179020000003
2010-06-01,303.607903215,0.9487781618804152,301.405351,305.311121,5.356179250375,0.4082468533192251,4.595896537500001,6.2916118825,65.13090937375,0.23588609598962992,64.59348935,65.523818025,0.1363936015271625,0.9487780459993815,-1.5668229025,2.3389418400000013,0.03195493377599828,0.23588610257023737,-0.3609538184999999,0.5693741300000004
2010-09-01,303.7952062725,0.9452206563269854,301.6237225,305.564501,5.2129614096,0.4098954513369502,4.45272388,6.139015925,65.3383136445,0.2347539178889134,64.81116315,65.7442744,0.266141775268745,0.9452207098975124,-1.50315769,2.437627952500002,0.07276191018949175,0.23475397255464478,-0.3331993645,0.5999124547500003
2010-12-01,304.11783446,0.9435174508776908,302.00051975,305.95871800000003,5.22410959515,0.4110580247139869,4.4524032475,6.144164577500001,65.573064338,0.2347736482789877,65.05261349999999,65.99993085,0.42258679911527175,0.9435174672651435,-1.4182994125,2.539904465000001,0.11333308566592874,0.2347739620241384,-0.31353394199999995,0.6337833380000001
2011-03-01,303.4515806325,0.932800774205009,301.40509849999995,305.34205125,5.1126101075,0.4091477359564833,4.32182148,6.0170199025,65.53592853025,0.2310517352670263,65.039883425,65.975970825,0.3936689924885225,0.9328008858756168,-1.4967970349999997,2.440146087500001,0.095015831445175,0.23105164925275373,-0.3450291529999999,0.5910588865000002
2011-06-01,304.46903254,0.9685856936508427,302.2843085,306.17532025,5.072325130375,0.4117697233755684,4.307766095,5.9789012025,65.267756237,0.24224064483744698,64.72750984999999,65.651366325,0.201658333135205,0.9685856480634116,-1.5046326449999998,2.3863836575,0.0397930088246675,0.24224083377205566,-0.34381843824999997,0.5800392592500002
2011-09-01,305.401814875,0.9720975860578449,303.1673442499999,307.090979,5.296251475625,0.41577743148689433,4.5580180225,6.2208288,65.3845184345,0.24147703948638777,64.83790635,65.7802337,0.25230706790565327,0.9720976617426099,-1.4368588224999999,2.48677523,0.06437543659681676,0.24147729571151746,-0.33134120675,0.6109885642500004
2011-12-01,306.0586138225,0.9785559409189596,303.8013345,307.70359924999997,5.3196099373,0.418047061510585,4.58699046,6.253176300000001,65.2245747165,0.24281653549204327,64.674327475,65.610114675,0.273356315673245,0.9785559131582156,-1.3716284024999998,2.5306375,0.06789392241190825,0.24281661201187443,-0.31764626525,0.6181408782500007
2012-03-01,306.542749275,0.9630828470966127,304.32944675,308.20299925,5.272074474775,0.41705697724019947,4.5514584325000005,6.203541375,65.17862199175,0.23794613390881303,64.62676575,65.56780404999999,0.3432911268887565,0.9630828925499336,-1.3169560699999998,2.556596810000001,0.08692256908024817,0.23794624953151175,-0.30225937875,0.6387789967500003
2012-06-01,306.8116498825,0.9401918749928989,304.659262,308.47338075000005,5.25467762305,0.41137905636816025,4.5410425225,6.178467155,65.08384040775,0.23165215050741955,64.556614775,65.47707267499999,0.3347391332188472,0.9401919070382481,-1.3269918699999999,2.4871309975000004,0.08001626527180172,0.23165215637545827,-0.31321709425,0.6072414517500015
2012-09-01,307.0048720975,0.9111187091807686,304.93823299999997,308.68542874999997,5.39705698305,0.4019848926669317,4.675884505,6.297719052500001,65.06317547425,0.22433800849067514,64.5515057,65.46334275000001,0.2936959065930355,0.9111186982348995,-1.38685736,2.360333527500001,0.06790077399919663,0.22433802149165458,-0.33226686899999996,0.5795706090000008
2012-12-01,307.095889825,0.8880856790000785,305.11111375,308.82919325000006,5.461407099625,0.3924990773916604,4.724023150000001,6.330818195,65.0117529755,0.21908234696437268,64.53091705000001,65.422395975,0.218971411853591,0.8880856170020803,-1.5143296999999998,2.2037456800000013,0.04795970325523425,0.2190823480604305,-0.3626836235,0.5287944437500007
2013-03-01,307.167753805,0.8706437276849301,305.35422575,309.03016975,5.551645182775,0.38451222477179464,4.775085407500001,6.376011582499999,65.1575290595,0.21578065959577652,64.719785,65.59764535000001,0.2216802769714225,0.8706436434438509,-1.64073728,2.035204777500002,0.0533392985482925,0.2157807233045034,-0.38677701849999996,0.49108328900000014
2013-06-01,307.222477045,0.862850969306042,305.50980200000004,309.11962125,5.67780571165,0.38020203933966296,4.857857972500001,6.4492074875,65.06081003025,0.21377521675676572,64.64311090000001,65.517167375,0.1103678468069125,0.862850996302356,-1.7867742299999996,1.8230406425000012,0.02075562154199025,0.21377522500168597,-0.4356016595,0.43845398050000006
2013-09-01,307.7601768425,0.8577591817116902,306.06582375,309.61192525,5.731221542325,0.3786609793250047,4.882937195,6.4638212500000005,64.8925427765,0.21212496005347875,64.482849375,65.34579285,-0.02079578769194675,0.8577591516520473,-1.8725488075,1.6735529075000013,-0.011903818134964425,0.21212496188050048,-0.46515532274999993,0.39778974150000007
2013-12-01,308.324921175,0.8544869883834971,306.61719275,310.18090625,5.800114709175,0.37805191525301446,4.957170510000001,6.521321,64.6829336765,0.21117772572772142,64.27406787499999,65.141761675,-0.14632946223142176,0.8544870610659484,-2.00231517,1.5614013625,-0.0424122383892405,0.21117773430419728,-0.5012407437499999,0.36645385550000004
2014-03-01,308.698297975,0.858755793921938,307.06045625,310.62282550000003,5.837399661375,0.3791126104162213,4.987610612499999,6.530852622500001,64.6730532805,0.21246974186979742,64.28975394999999,65.14590975,-0.16108158553602,0.8587557317976507,-2.0856138925,1.4767604675000003,-0.04005456343174645,0.2124697817957841,-0.5129111982499999,0.3432449477500002
2014-06-01,308.8478865025,0.8694563827238301,307.298048,310.8338175,5.850601166325,0.3822838397643761,4.982313142500001,6.5206334,64.682100607,0.2152206452800806,64.31605655,65.17440185,-0.1957815559584575,0.8694564581189251,-2.1817096599999997,1.3540582150000005,-0.04916511266936468,0.2152207310058073,-0.54146715,0.3168782167500001
2014-09-01,308.954261495,0.8820208534529648,307.48090675,310.9794525,6.072533955025,0.38695547752362464,5.182228525000001,6.7133029025000015,64.753509378,0.21802783896766803,64.403173275,65.255751725,-0.24375451162804573,0.8820208331112251,-2.2689473700000002,1.2296005225000002,-0.06098418253183242,0.21802790446430187,-0.5632274302499999,0.28935163150000004
2014-12-01,309.06172236,0.8770140803575882,307.58371925,311.05838900000003,6.131734878275,0.3890138083916548,5.22572244,6.7611236175,64.68835666925,0.21574113296282613,64.33640460000001,65.182461975,-0.3265322606594895,0.8770141379682943,-2.3231991374999996,1.1514723300000007,-0.08239859229041525,0.21574130784013126,-0.5765047655,0.2695511925
2015-03-01,309.5188008825,0.8799035288277103,308.069575,311.53826025,6.09006689235,0.38852043686629,5.1884383199999995,6.7082551775,64.89050160975,0.21662129697323176,64.545760675,65.380083075,-0.22809510149772375,0.8799034686715232,-2.24755432,1.2211267400000003,-0.04747177879538587,0.2166212979570416,-0.53705225275,0.2972688225000004
2015-06-01,309.27392872,0.870578821678313,307.81677325,311.2781365,5.91511531505,0.386490038779093,5.0206826725000004,6.52186293,64.87001023175,0.21418283194165835,64.519395425,65.347533175,-0.24107385296579661,0.8705789006735452,-2.2452792574999996,1.2160803775000002,-0.056962570508701675,0.21418304220912884,-0.5344873267500001,0.29365135475000004
2015-09-01,309.8361763,0.8606480659911363,308.32515125,311.80022525,6.09332502665,0.38283184483979965,5.2083916075,6.7075652550000004,65.02100343425,0.2119130956653748,64.6552517,65.48492429999999,-0.1630224066191268,0.860648127867818,-2.1270709775,1.3480062625000022,-0.032187712336798964,0.21191298970947076,-0.49610827325,0.33356544625000034
2015-12-01,309.9266931975,0.8753780081005392,308.48039124999997,311.96063799999996,5.79584181535,0.3819016738563695,4.8963852425,6.430564585000001,65.15721404775,0.21703621703945103,64.795123725,65.63832997499999,0.013714088329150503,0.8753780443589884,-2.0202274774999998,1.4600167250000005,0.016052049476155,0.21703637586381452,-0.46506411299999995,0.37814279250000005
2016-03-01,310.3746733225,0.8629341612158974,308.88357824999997,312.34825925,5.786740689525,0.37998533047776817,4.896334227500001,6.434226040000001,65.05725768375,0.21295509443700664,64.682959325,65.522196375,0.03921815407977,0.8629342455184466,-1.9343671675,1.5303157550000006,0.014103110071432499,0.21295506461315847,-0.45083507649999993,0.3884021772500005
2016-06-01,310.6700113325,0.851065676643019,309.12265650000006,312.59303224999996,5.6744942747,0.37692595254549344,4.821269695000001,6.3393378775,64.874621093,0.21013585728826098,64.493206025,65.32165565000001,-0.0115288629185425,0.8510656290668452,-1.9345517625,1.535824105,-0.00385574273688075,0.21013581457752695,-0.45088924,0.3775601432500003
2016-09-01,310.381789825,0.854880773796774,308.871121,312.35517899999996,5.614763487425,0.3771745932533918,4.751154112500001,6.2651588225,64.6962342405,0.21231049140850228,64.33345955,65.163908325,-0.13170494597808624,0.8548807866009462,-2.1050969674999997,1.3789597875000001,-0.03886954771543143,0.21231079190815824,-0.50654453275,0.3239034855000007
2016-12-01,311.2143361575,0.8461600163091556,309.635818,313.14270625,5.6607312135,0.37723089166387264,4.7870935674999995,6.3056099649999995,64.637779814500007,0.20914390117130918,64.25939502499999,65.075148175,-0.2130631573259,0.8461599419650015,-2.1414331724999998,1.3654576125000009,-0.0557325193373605,0.20914386403096058,-0.4931001335,0.32265292550000035
2017-03-01,311.0701123,0.8477528434202046,309.514689,312.9895575,5.723361604475,0.3767179115070504,4.843119669999999,6.370800475000001,64.6654321135,0.20998216280427515,64.286453675,65.104956,-0.22961692477544,0.8477528824878116,-2.1490665849999995,1.3258044925,-0.05698922080873375,0.20998225848318525,-0.49651383199999993,0.32199016375000006
2017-06-01,311.124248565,0.8503828404239248,309.58571650000005,313.06122400000004,5.527411206425,0.3775654492961643,4.66824374,6.172426110000002,64.86781475825,0.2109433238124107,64.4963616,65.316748125,-0.12616108006160676,0.8503828711046695,-2.0631376149999996,1.4123724075000008,-0.024221151759738296,0.21094338855831496,-0.47315394274999995,0.3472323157500003
2017-09-01,311.55432999,0.856259268435411,309.9539735,313.49230675,5.50756349315,0.3785599943525886,4.6433417375,6.163269155,65.14246330475,0.21253715519349978,64.7564731,65.591945275,0.006072749061559748,0.8562592840415294,-1.93190879,1.6064313675000008,0.01078643413543045,0.21253720340929252,-0.43869498374999993,0.3967763592500001
2017-12-01,311.522203445,0.8617079995349919,309.90762099999995,313.46680525,5.5019990318,0.38014168825509925,4.651125369999999,6.177677792500001,65.32605665225,0.21377236296553467,64.934672575,65.780316125,0.091244856710555,0.8617079628997623,-1.8533577899999996,1.7058303925000002,0.028636983714951,0.2137723742809722,-0.4256224875,0.4200201285000001
2018-03-01,312.060359875,0.8679806388798094,310.37255700000003,313.96270999999996,5.582285327975,0.38190263066077684,4.7492872125,6.2846482975,65.4188631965,0.21557454715272034,64.998067675,65.86005687500001,0.15128348350454826,0.8679806662943357,-1.7510648174999996,1.8390830925000008,0.0422673377620988,0.21557460315783097,-0.3989250585,0.46306335975
2018-06-01,312.340844965,0.8751917046872854,310.55800650000003,314.161372,5.494194805875,0.3843177861301282,4.678828869999999,6.226493154999999,65.310763574,0.21747249139228994,64.870023175,65.733419025,0.1623876172335175,0.8751917066665321,-1.65813674,1.94522404,0.04153093369129315,0.21747252707008743,-0.38112388,0.48227098275
2018-09-01,312.2544489325,0.8795576080402013,310.46713,314.08363249999996,5.2536363304249996,0.38669244801051444,4.446224075,5.999471707500001,65.3280041105,0.2182059399374105,64.89294605,65.7560855,0.2145071971370275,0.8795576891270104,-1.6146724725000001,2.0018276700000004,0.055236869168955,0.21820595095788653,-0.37284496474999995,0.4902945850000003
2018-12-01,312.1100715525,0.8825388738741422,310.328469,313.96127350000006,5.119028470125,0.3882550218369049,4.3218642175,5.854199225,65.38028763625,0.2188370534940219,64.94775495,65.8160707,0.221537036806385,0.8825388600353492,-1.6296658925,2.0031415775000005,0.05397367059293575,0.21883706088506075,-0.381810489,0.4865057892500001
2019-03-01,312.4498720875,0.8833058661624336,310.66296,314.29257975,5.118044781725,0.38902659315721944,4.3189440425,5.856240144999999,65.5139047085,0.2189709022218785,65.08346685,65.944475225,0.2090583713822875,0.8833058484648271,-1.633651405,1.9959652475000003,0.0502175919364355,0.21897094926519206,-0.38035257949999995,0.48065557425000005
2019-06-01,312.3179746025,0.880489535052022,310.6111325,314.242538,5.299415136575,0.38847063680996113,4.4718348125,6.024615395,65.7235794805,0.21844397996833131,65.31528575,66.179701225,0.2307210793240875,0.8804895667825711,-1.693837975,1.93756118,0.057095334363159556,0.21844398352444258,-0.39902653650000003,0.46538901975000035
2019-09-01,312.4343836575,0.8876290267233087,310.81109474999994,314.45605475,5.33579423415,0.3886062347601329,4.480549600000001,6.0288878,65.87672557975,0.22089598745077751,65.48914359999999,66.357148775,0.292506973454675,0.8876290117039043,-1.72916466,1.9157961725000001,0.0751881351639,0.22089612341535333,-0.4052343395,0.46276940100000025
2019-12-01,312.77253123,0.8772202603287101,311.114573,314.70896,5.2335058889,0.38777036130266784,4.392008000000001,5.92701172,65.65605979975,0.2173967335729902,65.24806235,66.11387745,0.148892185305495,0.8772203262156454,-1.7875402224999999,1.8068467550000007,0.02929632424642925,0.21739675504445446,-0.428522761,0.43729487000000006
2020-03-01,312.3103918625,0.8806148208502294,310.694464,314.24023524999996,5.205987558175,0.38687587691209224,4.3410029175,5.875351352499999,65.644159549,0.219224147287077,65.249800825,66.11849917500001,0.0191076852326175,0.8806148990357091,-1.9107314574999998,1.6350386025,-0.0036877776192423225,0.21922438426177962,-0.478032392,0.39066990674999996
2020-06-01,312.9993898575,1.2700388240947127,310.4379035,314.96521524999997,5.324016362025,0.4846219700259027,4.17898949,6.0235485225000005,65.50142642325,0.309206877233141,64.88536277499999,65.95992444999999,-7.928103835485,1.2700397546061442,-9.8939304975,-5.366619944999999,-2.4272151331975,0.3092096462529395,-2.8857118975,-1.8111346700000002
2020-09-01,313.41976909,1.2491944939829913,311.05968125,315.58689374999994,5.0720610142225,0.5502196087552733,3.81566245,5.915838819999999,65.62539881425,0.3788585205975611,64.90551384999999,66.238778925,-4.97351551294,1.2491954749261938,-7.1406328675,-2.6134215399999996,-1.061031002097125,0.37886400536401044,-1.6744248849999999,-0.34113029874999967
2020-12-01,314.1468469925,1.0702815810211805,312.10805425,316.1402545,5.689707806175,0.47452665555439244,4.5594198724999995,6.357161790000001,66.006409676,0.2856038432212,65.47547525,66.5258025,-2.330612285783075,1.0702815398689027,-4.3240198825,-0.2918218312499995,-0.41733027466013,0.28560355408690324,-0.9367261987500001,0.11360046725000064
2021-03-01,314.76103537,1.0505125321163455,312.63330125000005,316.67175975,5.48873160625,0.43212424853449266,4.491401795000001,6.1935774875,65.88881017925,0.27327185295917794,65.36367912499999,66.35429727500001,-0.788422619238125,1.050512408042638,-2.699144495,1.3393128675000001,-0.096810899193556,0.27327176104081896,-0.56229937325,0.42831877675000046
2021-06-01,314.5619465825,1.0875946844305078,312.26108250000004,316.25767900000005,5.1307521577,0.4320510654600023,4.2722639275,5.9715115975,65.7468071185,0.27994544819581335,65.168501175,66.15763717499999,0.032527675393512506,1.0875944838015357,-1.6632010499999998,2.3333967400000017,0.05971466129372103,0.27994340995728306,-0.351117526,0.6380221722500004
2021-09-01,314.2934920625,1.5819667419584986,311.24297874999996,316.31828025,4.415655938175,0.4827555818358834,3.7282597500000003,5.41156874,65.5445882235,0.42096482089991066,64.760588225,66.08161632500001,-1.5845094179748205,1.5819674142213198,-3.6093032625,1.4660049225000003,-0.482653924599375,0.4209673143924455,-1.01968379,0.3013518597500002
2021-12-01,316.49445855,1.880370789383623,313.11298475,318.77246075,4.5168666760975,0.5829129855038458,3.8361775775,5.68019594,65.43544716525,0.5022437255658817,64.558123525,66.05960715,-0.416090191310625,1.880370900384821,-2.694099245,2.9653806025000002,-0.04249252991962501,0.5022470217708299,-0.6666625955000001,0.8348403295000001
2022-03-01,315.7864748825,1.7172130444713791,312.47084625,317.72681824999995,4.27824175614,0.6548288997741867,3.5877800575000003,5.543044887500002,65.86216979175,0.4260691264164352,65.050473275,66.37092902500001,0.7648924842800799,1.717213119660527,-1.175452465,4.080523297500001,0.24564172963247524,0.42606826381027174,-0.26311717549999997,1.0573366400000002
2022-06-01,315.583234965,1.6844010376752856,312.29891075,317.38370624999993,4.2744024765725,0.6822008773905487,3.602510455,5.578498025,66.00373277875,0.41547358906897663,65.17865405,66.456672725,1.3400962683612425,1.6844009923947356,-0.460379464,4.624418385000001,0.35487564299286606,0.41547365245970214,-0.098065070925,1.1799533075
2022-09-01,315.2154386625,1.6827212466990662,311.87705274999996,316.8876475,4.1107049836625,0.7019446089401001,3.4547621125,5.464320395,66.0469006205,0.41305160541329355,65.20934925,66.454860125,1.5435114643769,1.6827214130912016,-0.12869885525,4.8819017575000005,0.382666475624218,0.4130516283470883,-0.02529370787499999,1.2202169825000002
2022-12-01,315.35210292,1.672508861908066,312.00399675000006,316.92259575,4.11146509992,0.7072358795926824,3.4803574825,5.484566732499999,66.1197859855,0.4088179888981544,65.284613375,66.4952253,1.568076377314075,1.6725089953701953,-0.0024175815224999637,4.9161865,0.377737204811425,0.40881838440930185,0.002297556170000003,1.2129107124999998
2023-03-01,315.16842992,1.619829081857852,311.91051100000004,316.64809025,4.22881568319,0.6946665382318887,3.6278814525,5.6135929425,66.16526768525,0.39358525348969847,65.345682625,66.51379335,1.50426460022085,1.6198291245963725,0.024602139350000014,4.7621809125,0.35615431944638,0.3935854883960354,0.007628909095000016,1.1757395775000001
2023-06-01,314.819510805,1.5071878598749198,311.74315600000006,316.2574605,4.18626739842,0.6625795840893695,3.6162487075,5.5315719875000005,66.32124052675,0.3638447429168723,65.543544175,66.664422725,1.4738539992318875,1.5071880346038116,0.03590418585000001,4.550212320000002,0.3504550395851,0.3638447497205499,0.007272835812500004,1.12815222
2023-09-01,314.6405572325,1.4315433986320873,311.64920025,315.99315499999994,4.1822551692725,0.6274420106711394,3.6482187875,5.488794885000001,66.31871614875,0.3472875937261489,65.55835955,66.65947822499999,1.301037809209535,1.4315432855316461,-0.05156070624999996,4.292396405000001,0.30123071706772747,0.3472876442208348,-0.039531072024999996,1.0615873600000003
2023-12-01,314.15801749,1.3162768382567105,311.3500735,315.64242475,4.3764758136425,0.5870257851978504,3.8169169600000004,5.6307318825,66.5269848305,0.3187380822552731,65.8052438,66.895861825,1.1921561456011,1.3162770778777568,-0.29225297849999987,4.000101440000001,0.278364409427835,0.3187379537677666,-0.09051157009999998,1.0001021497500004
2024-03-01,314.1190106275,1.2933002841340508,311.34614925,315.61577125,4.3145071422425,0.5589740819331436,3.713413,5.5059350075,66.3781501125,0.31742631172599695,65.65991115,66.74597047500001,0.933724687231118,1.2933002013320414,-0.5630350757499999,3.7065832925000004,0.20864610323105565,0.3174262908427833,-0.15917385224999994,0.9268850755000003
2024-06-01,313.9206166375,1.227295112831553,311.2483565,315.55265425,4.383784643875,0.5355000550257204,3.7172417675,5.5309740375,66.57364519,0.30066958879611955,65.88892865,66.976522625,0.835814057117955,1.2272949886394797,-0.7962237967499999,3.5080719575,0.193841385233668,0.30066955610906526,-0.20903614774999996,0.8785585067499999
2024-09-01,313.73174613,1.1606104193078854,311.1562315,315.53166175,4.436920251735,0.5124705077966711,3.7219948300000003,5.522368607500001,66.86606721,0.28566277289602604,66.227204875,67.32054175,0.8723235730298,1.160610463861224,-0.9275887237499998,3.447839332500001,0.21184906694537126,0.28566281665772814,-0.24262483775000002,0.8507111465000001
2024-12-01,313.85162707,1.1471344955348421,311.2820295,315.69900175,4.31211171288,0.5007808083384118,3.5484869449999996,5.373877002500001,66.825805682,0.28377195191933413,66.18862777500001,67.275706025,0.767134544223675,1.1471345313049954,-1.0802428425,3.336731755,0.180020118071715,0.28377200574268824,-0.26987977575,0.8171979755000002
2025-03-01,313.883873425,1.1429053923232975,311.3278775,315.7307405,4.3483636716775,0.49420005167373515,3.5521293875000004,5.408130057500001,66.71744712125,0.2832569526981685,66.073697675,67.16446782499999,0.59434628234409,1.1429053140552283,-1.2525187174999999,3.1503462150000017,0.1336611759290833,0.28325700047085955,-0.3133605585,0.777409089
2025-06-01,314.2555844075,1.1095671183172118,311.767874,316.13768125,4.3816220616275,0.48453490704883323,3.5673068775,5.4165636025,66.87091827,0.2741604085003346,66.25525520000001,67.33428380000001,0.5740385775190212,1.1095671458554333,-1.3080541474999998,3.061748455000001,0.13746780300227324,0.27416050810483594,-0.32589693374999995,0.7531307257500002
2025-09-01,314.4068891625,1.0903144878698476,311.9610195,316.30684025,4.5063907457325,0.4756822588350601,3.6789363675,5.5255688175,66.79472904625,0.269749982693433,66.19054220000001,67.254881025,0.495077018028063,1.0903145378079326,-1.4048725799999997,2.9409474875000003,0.115462761599345,0.2697499688152394,-0.34468933399999996,0.7196501417500001
2025-12-01,315.0044273625,1.0818191498246832,312.5728525,316.87717000000004,4.4275312251775,0.46978165459084614,3.5920994000000004,5.433686925000001,66.63944601675,0.26817954407582373,66.035365375,67.085670925,0.4013038826008895,1.0818191257113239,-1.471436835,2.832875290000002,0.09220745132660474,0.26817964974769865,-0.35401628949999997,0.6962893945000003
2026-03-01,314.8521032875,1.0491986347478042,312.5233305,316.79019550000004,4.368461137965,0.4608804697554638,3.510298075,5.33241696,66.67759053975,0.25953558518702297,66.097200775,67.14041080000001,0.35351921810364395,1.0491986741234598,-1.5845701524999998,2.682294657500001,0.08213971319890975,0.25953553832962645,-0.3806804699999999,0.6625290782500001
2026-06-01,314.92160614,1.0269875197057206,312.6719695,316.94135700000004,4.550375114915,0.45192079185836537,3.6711786375,5.4812260375,66.731511916,0.25437260091648073,66.17284020000001,67.21094397499999,0.27782335248762,1.0269874317868775,-1.741923575,2.527463730000002,0.06291311353030375,0.2543725026501589,-0.41651890499999994,0.6215844992500004
