date,ystar_mean,ystar_sd,ystar_q025,ystar_q975,unrstar_mean,unrstar_sd,unrstar_q025,unrstar_q975,prtstar_mean,prtstar_sd,prtstar_q025,prtstar_q975,cycle_mean,cycle_sd,cycle_q025,cycle_q975,prt_cycle_mean,prt_cycle_sd,prt_cycle_q025,prt_cycle_q975
1966-09-01,233.49103329,0.09321820306929143,233.35834825,233.72452700000002,1.7421944928,0.02904818875421489,1.6750036799999999,1.7787635124999999,60.746557726,0.027320902185360457,60.7054732,60.810103075,-0.147737784489765,0.09321813157335829,-0.38123198925,-0.015056323250000175,-0.0375812523523655,0.027320889988103156,-0.10112684375,0.0035030564449999844
1966-12-01,233.80721773,0.12296416412506768,233.643236,234.10949775,1.62096883955,0.045039954279378264,1.50902642,1.6723569349999998,60.709842183,0.03251925383852803,60.663754925,60.7894094,-0.14009308088279648,0.12296420403231961,-0.4423736425,0.023888493799999976,-0.03353431990418201,0.03251955204484038,-0.113100625,0.012553310074999956
1967-03-01,236.904548935,0.14910275324462796,236.66859475,237.28161525000002,1.73097493475,0.0479261504030037,1.6074943750000001,1.7924574925,60.7235609925,0.04152537693837805,60.654157225000006,60.820245250000006,-0.1181074213849885,0.14910280637854256,-0.49517488950000005,0.11784436049999975,-0.027135743940461005,0.04152592264691676,-0.1238201915,0.04226882287499998
1967-06-01,236.2017027,0.15300145823854636,235.98494624999998,236.6119265,1.8678126292,0.05538202524054258,1.7196504649999997,1.9449132325,60.72907967,0.038052020462529146,60.675444975000005,60.82647725,-0.12042567392263451,0.15300152587231453,-0.53065025125,0.09632971937499948,-0.029227158706579798,0.038052033938123245,-0.12662510224999998,0.02440944004999984
1967-09-01,237.526445675,0.17388849339306958,237.2098695,237.95737725000004,1.9060433725,0.06079776953470307,1.7566751425,2.0134115674999995,60.915703548,0.045233807056493804,60.8297007,61.023828225,-0.0152351858271568,0.1738885576808624,-0.44617149375,0.3013391094999996,0.0029903570302737734,0.045234085269002924,-0.10513450799999999,0.08899347204999994
1967-12-01,237.97610643,0.19644862868523982,237.55365775,238.44156525000002,1.75414837055,0.07261797462554287,1.5864129325,1.9098520175,60.8977918285,0.04862730951981268,60.79579785,61.012984375,0.00946674118434501,0.19644875252730426,-0.4559884405,0.4319112892499998,0.004064728203355299,0.048627536275679714,-0.11112689475,0.10605957749999997
1968-03-01,236.36914459,0.2188082135325056,235.89141325,236.86715725,1.8020261813,0.0769382631194198,1.62994552,1.981740045,60.8637925855,0.055636553581938517,60.751525025,60.988533724999996,-0.017162773503769494,0.21880826196107317,-0.51517138475,0.46056632550000004,-0.005834153772541398,0.05563691953881849,-0.130573151,0.10643356124999995
1968-06-01,239.552695705,0.2838492641341141,238.89680675000002,240.06622275,1.8817914954,0.09532777458107669,1.7132222299999997,2.1103968175000003,60.9254163405,0.07457808106867267,60.752801725,61.048698949999995,0.07155838858165849,0.2838493663851076,-0.4419722815,0.7274447812499998,0.02237232481183801,0.07457846374678134,-0.1009109275,0.19498721
1968-09-01,240.21775744,0.3490970627743309,239.37744499999997,240.699971,1.8542551718,0.12803765593996994,1.6829016975,2.16200467,60.9568593525,0.0873259116960367,60.75216725000001,61.068063200000005,0.17573138768986193,0.3490971372617832,-0.3064825795,1.016043065,0.047730054470797666,0.08732593153422964,-0.0634743255,0.25242356225
1968-12-01,243.389909355,0.4629883704511591,242.328475,244.1063295,1.77116731705,0.1648292011458967,1.56621422,2.1690216175,60.735741485,0.11713585467980574,60.468298225,60.926754525,0.18327754501873483,0.4629881260123473,-0.53314281625,1.2447144974999997,0.0429642459321655,0.11713619251051748,-0.14805170274999999,0.31040651275
1969-03-01,241.8183189,0.45343080727580015,240.72198000000003,242.38843425000002,1.8387716808499999,0.1833464058369671,1.622639845,2.2740668249999993,60.9721483225,0.1066729914308721,60.71731175,61.103900125,0.25861556786665446,0.4534308827649158,-0.31149490425,1.3549565424999999,0.06432817588454497,0.10667285002680349,-0.06742502465000001,0.31916471749999986
1969-06-01,243.179933355,0.5340790322807615,241.954879,243.93210975,1.8716930419,0.2013008692804777,1.6366242400000002,2.3397132149999997,60.8537372385,0.13000717075663412,60.569718425,61.04802555,0.2554955105388231,0.534079048483502,-0.49668303874999997,1.4805481599999997,0.059082855225683815,0.13000715595932358,-0.1352051055,0.3431016232499999
1969-09-01,244.206031325,0.6207700032242587,242.835207,245.082632,1.857041027,0.2307003411826744,1.5847751724999999,2.39055305,60.9150295845,0.15179796309044785,60.591103675,61.140629475,0.312682985721311,0.6207698842964338,-0.56392191225,1.6835054099999995,0.07589198734792002,0.15179779730715437,-0.149708486,0.3998169569999991
1969-12-01,245.682467845,0.7325141024138884,244.1252695,246.5122375,2.0990285632,0.27542256098568396,1.8044653849999999,2.7006686699999998,61.286076374,0.18278431947069299,60.90418935,61.491344250000004,0.5550536327110049,0.7325140619965838,-0.27471799724999996,2.112256864999999,0.14574114378846348,0.18278457580704188,-0.059528049175,0.52763046425
1970-03-01,246.855620345,0.8658869971804489,245.095091,247.7677175,1.77662716565,0.33335042405584897,1.4484569875,2.4616839649999998,61.33422265,0.2133903202631895,60.90334505,61.5578462,0.7069548889862916,0.8658870176073218,-0.2051432885,2.46748261,0.17652254426799688,0.21339049281202666,-0.047101511425,0.6074017792499999
1970-06-01,248.121927755,0.9476401767052536,246.20965525,249.091006,2.0187370962,0.3793524205499527,1.6573549725,2.7873933799999993,61.6260786635,0.22967013011647414,61.167567425,61.862501475,0.8590330543317475,0.9476401117443394,-0.11004224974999999,2.7713019549999975,0.21220186624753543,0.22967038775280488,-0.024221499225,0.6707137887499999
1970-09-01,247.36080607,0.9840678791649277,245.37598499999999,248.29355175,2.0206227273499997,0.4055867246524211,1.6477896075,2.8302976875,61.7593943515,0.23399237017168764,61.289485325,61.98359069999999,0.9296612712817892,0.9840678558517675,-0.00308057598,2.9144784425,0.22374207997601725,0.23399246772316326,-4.54104219e-4,0.6936514659999997
1970-12-01,247.24484512,0.9973111536578202,245.23049175,248.1889305,1.9811048162999998,0.415553682527653,1.6015764775,2.8085612799999993,61.802901832,0.23459435099352643,61.322457625000006,62.026888299999996,0.9384102827696547,0.9973111637900384,-0.0056775962775,2.9527641574999985,0.2214571926772794,0.2345944682989233,-0.0025299469774999997,0.7019015687499996
1971-03-01,247.7354664,0.9858349374536242,245.71696649999998,248.64080900000002,1.9711414778999998,0.41198442414875797,1.6026981450000002,2.791941674999999,61.725730963,0.23006312333932835,61.263733900000005,61.943015975,0.8605630069043538,0.9858348217233756,-0.0447837602,2.8790619724999993,0.19678561037986042,0.23006328532466774,-0.020502468200000002,0.6587835829999997
1971-06-01,247.55705851,0.9311499610279439,245.59510975,248.4972295,2.34417103515,0.397115397124879,1.9765408825,3.1427865474999996,62.0616244295,0.21528151497474887,61.612472874999995,62.286383050000005,0.9359842341048247,0.9311500988021343,-0.0041905936975,2.897929179999999,0.22383193194948525,0.21528155462128126,-9.25989602e-4,0.6729834042499999
1971-09-01,250.0460104,0.8997716977883948,248.09772925,250.92850925,2.208902409,0.381153273612986,1.8585817425,2.9975404674999986,61.683294632,0.2078636834916215,61.23898755,61.8924174,0.799300813679009,0.8997716349314587,-0.08320056307500001,2.7475811824999985,0.1782299849142523,0.20786407020123732,-0.03089082045,0.6225373494999998
1971-12-01,249.42306087,0.8092583916113201,247.6285845,250.352598,2.2978273465,0.34617064138158593,1.9594935275,3.0482951675,61.451796683,0.1838504778568922,61.044715025,61.684777675,0.5449460195284146,0.8092583779309018,-0.38459469300000004,2.3394201824999983,0.1091469187385075,0.1838504745889798,-0.1238350115,0.5162270394999996
1972-03-01,247.835070775,0.7214138789111918,246.15369249999998,248.79612925,2.59049959015,0.3028320378578582,2.2502202875000004,3.269572054999999,61.5000322615,0.16384702135733484,61.1298223,61.739017374999996,0.3885010880373306,0.721413837260484,-0.5725592105,2.0698792474999976,0.07808070959681981,0.16384678850238932,-0.1609064915,0.4482896864999999
1972-06-01,249.647852605,0.711532701115165,248.006344,250.6356355,2.65977092785,0.28343995027796237,2.325854505,3.3065965325,61.5700998635,0.16780100530443628,61.1845019,61.79331247499999,0.34132415268626987,0.7115325583770024,-0.6464617560000001,1.982834227499999,0.07505499755660339,0.16780105409767085,-0.148157926,0.46065396525
1972-09-01,248.48543421,0.7056107580690131,246.8244835,249.26698075,2.8894704465500003,0.2838933382442018,2.5745694575,3.5444344799999996,62.094169358,0.16877886357931912,61.701322975000004,62.2666067,0.4959253221514756,0.7056108016418803,-0.28561925075,2.1568738399999994,0.12604550606035828,0.16877872170435534,-0.046391519725,0.5188914144999999
1972-12-01,248.906615095,0.7873023721836587,247.04061049999999,249.6153405,2.94423882775,0.308807709407077,2.66762551,3.6570774649999995,62.257029305,0.1917516050281075,61.805174825,62.428309275,0.6496177593518163,0.7873024391744096,-0.059109265849999995,2.515625552499999,0.16400322996615496,0.19175161510817815,-0.0072765951374999995,0.6158597687499999
1973-03-01,250.890304325,0.9013137341442349,248.88329449999998,251.74555800000002,2.788614072,0.3506431807164441,2.4887231225,3.574905017499998,62.1291902385,0.2193232062431833,61.640353125,62.344527275000004,0.7260008710306496,0.9013136622898251,-0.12925183875,2.7330102949999997,0.1768035182707869,0.21932336390491625,-0.0385342562,0.6656405007499996
1973-06-01,250.62358927,1.0030230790194656,248.46972175000002,251.74543625,2.7738432186,0.3892727638837027,2.40149493,3.626372007499999,61.906133768,0.24201243739299755,61.385963000000004,62.19187037499999,0.7345520425224183,1.003023038188753,-0.38729418250000003,2.8884158175,0.17318094103271167,0.24201248149854426,-0.1125571385,0.6933523857499999
1973-09-01,250.850833185,1.0909964812853878,248.4640975,251.90726550000002,2.3440190888,0.42850628441986927,1.9414427575,3.266601807499999,62.2386421945,0.26377317656658095,61.67601955,62.4965017,0.9752353289669329,1.0909964868088384,-0.08119887975,3.3619710124999997,0.24416122506621424,0.2637735143681419,-0.013698924299999998,0.8067851244999994
1973-12-01,252.658250845,1.1475645408689952,250.1672935,253.78944975,2.5799049451999996,0.4635801793883265,2.1494824025,3.58684045,62.302629717,0.27273568268453174,61.711161274999995,62.577610675,1.0823500848648093,1.1475645586346919,-0.04885357209999999,3.5733050525,0.2612781294534727,0.2727361498971131,-0.013703489425,0.85274746875
1974-03-01,252.088143025,1.1024533023880752,249.62887275,253.1989315,2.3371194615,0.4653263136558646,1.8995906475,3.3569011774999993,62.4635578905,0.2548943997582362,61.9031065,62.725742225,1.1103474740602712,1.102453424740927,-4.4438005799999996e-4,3.56961782,0.2621881730342346,0.2548950082411907,3.1032818675000124e-6,0.8226395537499996
1974-06-01,249.75387097,0.9373410900810534,247.61339174999998,250.74979599999998,2.6680930371500002,0.4130887053959675,2.2780210425,3.5772902225000003,62.5106838375,0.2108055482944625,62.004988950000005,62.752154575,0.8792554716347356,0.93734116384046,-0.11666787775,3.019739342499994,0.18957368612396297,0.2108059885581357,-0.05189707605,0.69526807225
1974-09-01,251.005465775,0.7719430033220647,249.15652275,252.291431,2.7416912106,0.3307169713702796,2.3134886824999996,3.5196138125,62.2667314605,0.18374350740942386,61.82417027500001,62.63488685,0.3388873011502031,0.7719430245691323,-0.94707411425,2.1878274524999997,0.04001511929900251,0.18374413623093688,-0.32814114875,0.4825735874999998
1974-12-01,250.87790238,0.7541538342914688,249.25585725000002,252.74663575,3.9037247286,0.2993674473047076,3.2029365,4.5858897800000005,62.763714146,0.18779478234693864,62.370557025,63.26293045,0.0238975944564545,0.7541538249684405,-1.8448344925,1.6459428324999992,-0.0187887179442877,0.18779464549640987,-0.5180044342500001,0.3743697227499994
1975-03-01,251.25784752,0.8270393604834905,249.73481225,253.4744655,4.64597761255,0.3282245681202572,3.7483377300000003,5.280254867499999,62.703957663,0.20232281956594017,62.343568174999994,63.26930675,-0.25066780393528554,0.8270394734013652,-2.467288765,1.2723679149999991,-0.07814676869386455,0.20232299607832513,-0.64349543675,0.2822421417499998
1975-06-01,253.962591895,0.8905920381736447,252.52802799999998,256.372436,4.7861985936,0.36312458644004214,3.7632849624999998,5.380099895,62.6121536185,0.2124852147220268,62.26324015,63.2157546,-0.3610041511762239,0.8905920557294358,-2.7708526825,1.0735614699999991,-0.09220215379821098,0.21248541400628912,-0.6958034092500001,0.25671147524999977
1975-09-01,252.575343645,0.9317550264771564,251.19819324999997,255.11173375,4.53279477955,0.3871157306036229,3.42975194,5.1054332774999995,62.6287250425,0.21844138241573743,62.29899745,63.244796,-0.4346713079282104,0.9317551325566309,-2.9710651224999998,0.9424772734999994,-0.10613280929900977,0.2184417924272957,-0.7222015230000001,0.22359377199999958
1975-12-01,250.37318864,0.9870398258727858,248.854773,252.95722974999998,5.05707671915,0.3995213112146001,3.9175588049999996,5.635733474999999,63.236130026,0.23498855964825807,62.85198535,63.862274525000004,-0.21460075906225334,0.9870398493189131,-2.7986374475,1.3038119174999998,-0.033410699133741985,0.23498840457426642,-0.6595572154999999,0.35073757949999995
1976-03-01,254.21123608,0.9616893934699448,252.69660425,256.778907,4.5868933744,0.4002431762554185,3.4465076925,5.1977771724999995,62.8506169085,0.22325515567785548,62.476027075,63.45767325,-0.17308326769010193,0.9616893389050634,-2.7407560625,1.3415526799999988,-0.033855024501215004,0.22325528990816434,-0.6409108495,0.3407339347499993
1976-06-01,254.179265755,0.9662586847181381,252.676593,256.83075749999995,4.50008969245,0.40105483104288175,3.35745436,5.1077680275,62.676254679,0.2251670057899338,62.323585175000005,63.292605675000004,-0.2325064199013795,0.9662586537718986,-2.8839943624999997,1.2701618099999987,-0.05665945113206638,0.22516689370719342,-0.67300978525,0.29601069449999995
1976-09-01,254.834316075,0.9997333280578674,253.4030085,257.61021450000004,4.7155340246,0.4141396830485427,3.5362278625,5.308268000000001,62.314355249,0.2357289705952132,61.97434675,62.984559399999995,-0.4194449831717512,0.9997333758033308,-3.1953420075,1.0118589199999986,-0.11039090995469672,0.23572907705906654,-0.7805946855,0.22961755849999974
1976-12-01,255.41896503,1.0694959538481423,254.05289225,258.40031325,4.60776415805,0.44171014385450735,3.3385598224999997,5.1678554425,62.215788487,0.2531126685595162,61.890653750000006,62.93132705,-0.558263049914903,1.0694959686158974,-3.5396109625,0.8078077594999987,-0.14108994911300177,0.2531128148098783,-0.8566319675,0.18404432249999955
1977-03-01,254.382947395,1.1760786158803034,253.05266925,257.597203,4.93228847955,0.4788725391078062,3.5549586024999997,5.46018634,62.599294118,0.27991894522511523,62.287893249999996,63.353524750000005,-0.5742054492284643,1.1760786870282358,-3.788457365,0.75607493075,-0.1363361002737966,0.27991891966888816,-0.8905662547500001,0.1750648239999994
1977-06-01,255.315120455,1.302024422338892,253.84922575000002,258.74090625,5.4280084572,0.5205704171025286,3.9772201025,5.945744219999999,62.830510117,0.3112496017408539,62.443572450000005,63.641218175,-0.5637445172369863,1.302024456930459,-3.9895283349999997,0.9021509694999994,-0.1301746599069868,0.31124959484568937,-0.9408816612500001,0.25676571374999996
1977-09-01,254.53473835,1.4212138109126808,252.86423250000001,258.1845555,5.5128265397,0.5624250194775586,3.99844809,6.0673531525,62.8410205045,0.3409310392546483,62.41235044999999,63.712037875,-0.617041312166952,1.4212137171709767,-4.2668605,1.0534665599999997,-0.14589244479982752,0.34093034369915215,-1.0169094425,0.2827760419999995
1977-12-01,254.287509115,1.6756988736813956,252.63658175,258.30883024999997,5.4263980412,0.6461625729603799,3.8054246575,6.0237361175,62.335966893,0.41969655766741487,61.924355075,63.305874075000006,-1.1617006631440006,1.675698779337194,-5.183022437500001,0.4892275172499997,-0.308804152697196,0.4196976150724065,-1.2787168775,0.10280970999999992
1978-03-01,254.038902925,1.861829945408415,252.18597925,258.3503045,6.13013001525,0.7562802077321136,4.32658029,6.793891355,61.6106451585,0.4588765114656829,61.133405875,62.643059900000004,-1.8008622732616104,1.8618300025077137,-6.1122598875,0.052059432474999945,-0.46763262594590915,0.4588770479979675,-1.5000427925,0.009607143567499978
1978-06-01,254.598796305,2.003260264339593,252.71575224999998,259.03889575,5.5216954463,0.8327717041263534,3.59157865,6.26990746,61.5522056015,0.48326288412116747,61.1013725,62.635801725,-1.8493093515869985,2.0032602193103615,-6.289409334999999,0.0337356696999999,-0.44251686639358023,0.48326305931170127,-1.5261130225,0.008316317194999975
1978-09-01,255.75338119,2.0922373706059663,253.8742695,260.34214725,5.5617463251,0.874695767509746,3.5659853950000002,6.32303192,61.364212287,0.502123076490033,60.916643025,62.4963535,-1.874288306911916,2.0922374018627687,-6.4630579575,0.004824246562499997,-0.4454185516239182,0.5021232433986622,-1.5775608874999998,0.002151001729999995
1978-12-01,256.176600285,2.140592324054601,254.282596,260.90721874999997,5.5272970793,0.8990170494464795,3.4826069825,6.300614725,61.1735034975,0.5115783385488674,60.724171150000004,62.3216264,-1.8905122143604662,2.140592290665295,-6.621133234999999,0.003495991142499978,-0.4481791327943298,0.5115784138874364,-1.596301925,0.0011531073874999952
1979-03-01,258.427393025,2.1728136597311236,256.48001125,263.27105925,5.5364832696,0.9124179356827284,3.4647408750000004,6.321010504999999,61.0786144635,0.5182362528778733,60.611508324999996,62.245759975000006,-1.8780073929422358,2.172813720872644,-6.72167337,0.06937674424999962,-0.44317244556123003,0.518236433938284,-1.6103174875,0.023934200849999997
1979-06-01,256.37973116,2.17431009795797,254.46479649999998,261.23206400000004,5.54311510765,0.9177956731705292,3.4400744675000006,6.319990635,61.0381348365,0.516997223330304,60.578003800000005,62.203948725000004,-1.8861781291504396,2.17431009962973,-6.7385115225000005,0.028759825174999983,-0.44616342308041107,0.516997462891433,-1.6119778075,0.013970036324999999
1979-09-01,256.851282905,2.130995435302796,254.99875575,261.66457299999996,5.4430413511,0.9089761698002908,3.352074805,6.2117350375000004,61.019394007,0.5033003485927173,60.585019775,62.171469175,-1.8403886235948292,2.1309953674578503,-6.653682325,0.01213867557499992,-0.4316172146585562,0.5033003857299497,-1.5836933775,0.0027574903124999934
1979-12-01,258.144764855,2.083955128792911,256.3797415,262.89150975,5.46536961885,0.8872081788023866,3.38037585,6.1912828825,61.3060469415,0.49067967074487673,60.8887771,62.459035025,-1.6633182176393682,2.0839551273404764,-6.4100677175,0.10170294974999984,-0.380956263939622,0.490679678782228,-1.5339442125,0.03631395359999993
1980-03-01,258.09179694,2.032016926099784,256.44091925,262.81214174999997,5.35762338,0.8634237279545958,3.291466985,6.0489341225,61.392017681,0.47825500022840184,61.00737350000001,62.551566574999995,-1.5698162511662765,2.0320169507470416,-6.29016095,0.08106323974999984,-0.3637104954839984,0.4782550007158319,-1.5232597950000002,0.020933656124999943
1980-06-01,257.77759354,1.9919021632150449,256.09960325000003,262.46636175000003,5.60007958975,0.8425720048745103,3.5632859624999997,6.2668679225,61.653260977,0.46907304240649456,61.250042825,62.801148024999996,-1.4477849558461866,1.9919021577325433,-6.136554305,0.2302009037499998,-0.3330351347860312,0.46907305098056307,-1.4809222175,0.07018447834999977
1980-09-01,257.73623775,1.9441246350446857,255.96841650000002,262.33084775,5.5506985493,0.8204103716224732,3.5261983199999998,6.231656482499999,61.769341118,0.45785826349198816,61.338506225,62.898425624999994,-1.3147433322471886,1.944124529188746,-5.9093565324999995,0.4530822469999991,-0.3006650753139104,0.457858217893423,-1.429749435,0.13016956249999978
1980-12-01,258.89650931,1.884305969291445,257.2496575,263.43465025,5.43490980565,0.7979925912264381,3.4388266874999998,6.1026019375,61.5137017305,0.44398170355263944,61.124076,62.607792724999996,-1.2898493595785077,1.8843059316499315,-5.82798945,0.3570025234999996,-0.3022607328533534,0.4439816155332258,-1.3963517474999998,0.08736418639999997
1981-03-01,258.68159405,1.8595247159326185,257.02297325,263.18097025,5.22740190485,0.7835881081945305,3.2495066849999996,5.8825305750000005,61.408251792,0.44007113485091137,61.009279199999995,62.491365949999995,-1.2435985292023097,1.8595245274234298,-5.7429705875,0.4150235354999964,-0.2915425919253316,0.4400709994926081,-1.37465644,0.10743080924999997
1981-06-01,259.724581215,1.8741515826377617,258.01094675,264.261955,4.9870399331,0.7819005264216541,3.0247800450000004,5.673020984999999,61.3420430585,0.44638669250846363,60.935283999999996,62.444827225,-1.2182385316762283,1.874151592027911,-5.755611900000001,0.49539875974999903,-0.2877868539551923,0.4463864852646558,-1.3905705449999999,0.1189706727499997
1981-09-01,261.188520025,1.9607613237687922,259.10621050000003,265.9011865,5.31587144445,0.7990143726110155,3.3049361725,6.0401486449999995,61.49933715,0.4717937007711362,60.986167800000004,62.630256975,-1.1767325341710062,1.9607614223533691,-5.8893986525,0.9055785302499976,-0.27760706167070637,0.47179342429685317,-1.4085234875,0.235565375
1981-12-01,260.50184701,2.119700197700282,258.49432674999997,265.4426255,5.3955237414,0.8514670189544794,3.30345378,6.1639853449999995,61.233083017,0.5195208727269909,60.752439425,62.4611988,-1.4316874472876266,2.119700226793556,-6.372466145,0.5758308217499997,-0.3581836894855858,0.5195210163520005,-1.5863006775,0.12245812349999999
1982-03-01,259.318442645,2.327160833764688,257.059545,264.61764124999996,5.55083598535,0.9300881600426493,3.3419579350000004,6.3642692225,61.3600210405,0.5708595911929756,60.79853165,62.666078174999996,-1.5968571692248634,2.3271608332479543,-6.8960601675,0.6620395382499992,-0.3914222488935569,0.5708593264664469,-1.697479735,0.170068664
1982-06-01,260.021819625,2.5985883737195334,257.60531000000003,265.8568435,5.8009836932,1.030977706331828,3.4847116999999996,6.705535909999999,61.203096402999996,0.6431857842107416,60.611822925,62.64356745,-1.927345861776189,2.5985881622454357,-7.762369069999999,0.4891606322499999,-0.4806487615053686,0.6431844844696658,-1.9211178275000003,0.11062340449999995
1982-09-01,259.806306635,3.2954692206848266,256.6960135,266.52726625,6.06820778565,1.251692786086561,3.386740235,7.1845994325,61.3027771745,0.840190763711682,60.5041158,62.998358425,-2.84798669282284,3.2954692425753964,-9.568943282500001,0.26230317924999996,-0.7411492094833925,0.8401919386537091,-2.436729815,0.05751564164999986
1982-12-01,258.512071945,3.9540439307470203,254.59752450000002,266.05365675,7.4236666769,1.5414972361809178,4.29166528,8.8624936125,61.712741402,0.9860444832190316,60.723548975,63.611514650000004,-3.581922581705156,3.9540439943418506,-11.123511675000001,0.3326215919999999,-0.8983795184679381,0.9860454221604161,-2.797157335,0.0908127534
1983-03-01,257.77527686999997,4.3495906392910415,253.34908950000002,265.8412395,7.9863611923,1.7633363616275706,4.550568957500001,9.678363117500002,61.5038079905,1.0593719650035158,60.415508,63.488936575000004,-4.2839867011715045,4.349590643418663,-12.34995445,0.14220170724999928,-1.0575501580836193,1.0593727955866477,-3.0426785974999997,0.030753075899999954
1983-06-01,257.43705634,4.533391752858235,252.75484325000002,265.87696125,8.39217270885,1.8927400426803491,4.780279255000001,10.242958625,61.427927322,1.083433993588888,60.302646675000005,63.45938785,-4.636580712289992,4.5333917764440494,-13.076487299999998,0.045636100274999584,-1.1165125760946917,1.0834351386674494,-3.1479748975,0.008770890334999988
1983-09-01,259.542705215,4.417986246169268,255.0966295,267.63642875,8.5170379229,1.899850569567366,4.861625907500001,10.360726974999999,61.5124279745,1.0335750983898615,60.479146674999996,63.472351474999996,-4.446454402827327,4.417986243571452,-12.5401826,-3.8089775875000255e-4,-1.0332237169176843,1.0335752923200634,-2.9931499474999996,5.78691790249984e-5
1983-12-01,260.523759815,4.174913911569809,256.35741475,268.21628225,7.96018532355,1.8196551492222446,4.418021260000001,9.7068632475,61.3095387025,0.96883686412385694,60.348940525,63.18085035000001,-4.162179956069857,4.174914169935586,-11.854707175,0.004169806347499972,-0.9589890791003671,0.9688378774146612,-2.8303017425,0.001610333834999992
1984-03-01,262.1574467,3.882594965140426,258.36867875,269.54874375,7.7432973476999996,1.706484249898476,4.350055837499999,9.352745215,61.2597536375,0.8957833347582186,60.392804825,63.053338275,-3.8332839408991903,3.8825952469545375,-11.2245827,-0.04451793412500007,-0.8776634324226403,0.8957824423601926,-2.6712463625,-0.010713782450000018
1984-06-01,262.47410173,3.765162725109725,258.87278875,269.71226475000003,7.6561678537999995,1.6176865921542516,4.361182295,9.1519855625,61.418755513,0.8787462415808646,60.58071639999999,63.21031165,-3.4301763153090445,3.7651625765348626,-10.6683398,0.17113552899999981,-0.7795400982783613,0.8787462364900236,-2.571096645,0.05849968192499998
1984-09-01,262.77802883,3.5886606926100373,259.47326825000005,269.82432325,7.4522366157,1.5458976845672467,4.218673089999999,8.851881375000001,61.298555051,0.8362713267075075,60.53621715,63.03999655,-3.250116232923015,3.588660591123964,-10.296414174999999,0.05464616062499988,-0.7503698344238036,0.836271550852799,-2.4918120475000003,0.011967468924999974
1984-12-01,262.90952644,3.3796030098421324,259.73083725000004,269.7489715,7.3008104442,1.4737647920792698,4.1404763325000005,8.6214315525,61.1543763845,0.7860745071573881,60.41142935,62.831022450000006,-3.232523559534968,3.3796028641556575,-10.071963700000001,-0.05383035677500001,-0.7581353874086345,0.7860747074300122,-2.4347823875000003,-0.015186782875000112
1985-03-01,263.72150607,3.2186690414164945,260.76778475,270.38971275,7.2583600838,1.4071703640663422,4.1648926175000005,8.510684762499999,61.207977708,0.7486907035861406,60.52843675,62.8484097,-3.065363549963151,3.2186690287930753,-9.733572505000001,-0.11164145300000002,-0.7108006370954999,0.7486909437893872,-2.3512334625,-0.03125961447500002
1985-06-01,265.239242845,3.022582647565296,262.51822575,271.6644915,7.259927687999999,1.3312597382469677,4.2666497325,8.417931365,61.204841849,0.6988046477739857,60.578384825,62.7699079,-2.8256914266089987,3.0225828732938247,-9.250936424999999,-0.10467267300000029,-0.6489286533842055,0.6988040369537809,-2.2139937725000003,-0.022473400250000032
1985-09-01,265.677121,2.9795670278184936,262.94719599999996,272.07806850000003,7.10175263505,1.2738912882423776,4.18456225,8.198172687500001,61.4527626595,0.6966181303729003,60.808177425000004,63.013764075000005,-2.4520550762943656,2.9795669654390537,-8.852999480000001,0.2778678862499999,-0.5533064140025953,0.69661765943275,-2.1143068974999997,0.09128136639999977
1985-12-01,264.697779735,3.0058409082937634,262.033596,271.15826225,6.86910362215,1.2556798634587565,3.9626317125000003,7.942343887500001,61.64474041,0.7098275077526771,61.017145774999996,63.2178353,-2.2962604685695287,3.0058409001252833,-8.7567391175,0.3679232054999997,-0.530107108580608,0.7098282711413838,-2.1032031024999998,0.09749227317499995
1986-03-01,264.72162252,3.013369749968774,262.0171055,271.21607425,6.9575307725,1.25186800538407,4.0539546725,8.021000357500002,61.998544133,0.7106388479678524,61.352881425,63.562077024999994,-2.1969082837795506,3.013369739118827,-8.69135681,0.5076043054999998,-0.5085445505875001,0.7106384980760359,-2.0720768525,0.13711950874999998
1986-06-01,263.986069785,3.0845331927594652,261.16046224999997,270.538796,6.86036002345,1.2631320192560869,3.9690239149999997,7.9457413175000005,62.4184359455,0.7324153277018741,61.741065299999995,64.02372189999998,-2.1673764050704016,3.0845329855024493,-8.720105,0.6582284462499999,-0.505620542019045,0.7324156544130368,-2.1109057375,0.17175373474999991
1986-09-01,263.955926085,3.0147743291345104,261.2606455,270.44021175,7.2466275925,1.2662428170581599,4.362097635,8.328830617500001,62.482193735,0.7093188493995677,61.841382075000006,64.04238889999999,-2.3912730509146347,3.01477437593171,-8.875555345,0.3040064342499997,-0.5731238704069495,0.7093192221023285,-2.1333224225,0.06768937639999999
1986-12-01,265.119341045,2.8869760319888873,262.66710025000003,271.44006674999997,7.31957614305,1.2407433787723356,4.477231570000001,8.354312064999998,62.5261502595,0.6718956130755697,61.954447775,64.02525415,-2.4487439016314188,2.886976049308607,-8.7694703925,0.0034978621574999476,-0.576823545827703,0.6718951785798175,-2.07592589,-0.005121863855000028
1987-03-01,265.569913685,2.761537132383891,263.199859,271.76881575,7.2698805771999995,1.2007407145447928,4.490556000000001,8.261209310000002,62.4447478265,0.641150138334476,61.89365050000001,63.908391925000004,-2.4545144761910502,2.761537136225881,-8.653418445,-0.08445900847500006,-0.5763340485078651,0.6411503978466508,-2.0399784425,-0.025235260075000026
1987-06-01,266.495450265,2.6323329958961534,264.28578425,272.5252685,7.200925670649999,1.1531948746401022,4.502977662499999,8.1409522525,62.440192203,0.6086748017139958,61.932175275,63.870547125,-2.3242587970535604,2.63233310906984,-8.3540732325,-0.1145883870000001,-0.5374595214644597,0.6086748449534689,-1.9678138875,-0.02944205480000003
1987-09-01,267.592390685,2.4938405457396717,265.53574299999997,273.39259575,7.0793125914,1.0963161453042556,4.4443494725,7.953360227499999,62.4170057955,0.5746332410197638,61.94169305,63.77251045,-2.1268327122940005,2.493840473289679,-7.9270335275,-0.07018437640000004,-0.4866088181479998,0.5746333097014534,-1.84211314,-0.011295075950000077
1987-12-01,268.897872105,2.3264693951037274,266.94341199999997,274.43166525,7.09287529445,1.030016684560264,4.574909295,7.90131855,62.300274985,0.5327864729048257,61.836868625,63.592184374999995,-1.9593338001731497,2.326469703369302,-7.49312246,-0.004876467555002118,-0.4486601358097502,0.5327860242961999,-1.740571175,0.01474536182499989
1988-03-01,268.45800781,2.3279222276950744,266.51304374999995,274.00948525,6.78377658395,0.9922177585625515,4.275579395,7.573635739999999,62.6050384865,0.543091991251461,62.150089125,63.92453395,-1.6593907824646354,2.3279222357011595,-7.21086919,0.2855718032499991,-0.3714284943507373,0.5430922515311518,-1.6909236875,0.08352101897499989
1988-06-01,267.872624195,2.293816420785715,265.88088899999997,273.42972624999993,6.99197733975,0.9713385081822068,4.537160715000001,7.808474634999999,62.7805534085,0.5352401226807347,62.304418375,64.08802125,-1.4856315884488436,2.293816260311773,-7.042732887500001,0.5061041804999996,-0.3366931041122731,0.5352406415369823,-1.644161495,0.1394406919999998
1988-09-01,268.2393136,2.0974885037177793,265.8516515,273.52035225,6.2909193989,0.9228937118748213,3.90197918,7.1971762025,62.5067570575,0.4808865901532655,61.923914450000005,63.7355234,-1.5359630997366303,2.09748852643235,-6.81700618,0.8516958469999998,-0.36178129881133986,0.4808869987244346,-1.5905464825,0.22106378324999978
1988-12-01,269.179671385,1.9714073048083056,266.4948025,274.27206125,6.1799938205,0.8663047627253022,3.8829490700000004,7.187352385,62.689456728,0.4516591867148484,62.04951139999999,63.85994195,-1.351425494061105,1.9714072995279668,-6.4438169575,1.3334375249999963,-0.30566359424376,0.4516588175272196,-1.4761498025,0.3342823357499997
1989-03-01,269.23529696,1.9556027291085487,266.28712775,274.26719349999996,6.13514855425,0.832813877176695,3.9153023699999996,7.2702886925,63.0326918695,0.45306987824379835,62.317470574999994,64.210831175,-0.9683827991347215,1.955602654431874,-6.000284517500001,1.9797908374999997,-0.20335224257318246,0.4530700203320916,-1.3814921825000002,0.5118689157499999
1989-06-01,270.526076125,1.9255875482508769,267.2330675,275.43394475,5.84562352145,0.8062861498770665,3.692393095,7.086023427499998,63.1694883205,0.44517315096602944,62.40806435,64.30873584999999,-0.5620583738407599,1.9255876423825389,-5.4699250225,2.730953269999996,-0.1031662582619855,0.4451732515894881,-1.2424137625,0.6582580875
1989-09-01,270.692692105,1.9110070916578508,267.343581,275.59310250000004,5.79761520725,0.7863560270512439,3.702661845,7.112923465,63.3312294605,0.4430771026077956,62.570103350000004,64.459655275,-0.3122048817911902,1.9110069462248003,-5.2126184575,3.036906104999995,-0.05440266520922899,0.44307671880024724,-1.1828263975000002,0.7067244989999997
1989-12-01,270.021918935,1.9534137967727494,266.70918125000003,275.04017274999995,5.66560580055,0.7901417802242453,3.568180265,6.985877105,63.4445311945,0.46006310643813586,62.691354849999996,64.6584861,-0.3566565734279501,1.9534136749204158,-5.3749060625,2.956085127499999,-0.08525829165640006,0.4600634385766112,-1.2992156350000001,0.6679193877499988
1990-03-01,270.392561145,2.011804938205178,267.23478375,275.496378,6.0148898904,0.8084247376181224,3.8839281925000004,7.286221047499999,63.665574816,0.475435212573167,62.95820645,64.907676025,-0.40776883626355,2.01180482561007,-5.5115827925,2.7500062099999973,-0.09721701932967501,0.4754349533383343,-1.3393193025,0.6101512997499998
1990-06-01,270.239171685,2.142678163770462,267.48974725,275.61941874999997,6.2019718753,0.8418024601460095,3.9928446600000003,7.378958137500001,63.911774622,0.5140750434613158,63.301537775,65.208953025,-0.51709246620675,2.142677680491326,-5.8973382975,2.2323358375,-0.12626019127627053,0.5140741192299955,-1.4234395675000002,0.4839772639999997
1990-09-01,269.75651027,2.472435645800118,267.16340525,275.666573,6.8370367864,0.9355853279652436,4.477303619999999,7.869577409999998,64.1721414135,0.6112737681831973,63.533980525,65.60999125000001,-0.9200887525642507,2.47243586042943,-6.830153815,1.6730204474999992,-0.24163889684421008,0.6112750219952016,-1.679495,0.39652364824999997
1990-12-01,270.409486595,2.6444330237826215,267.82684774999996,276.4500325,7.2965133993,1.0404086519642797,4.767012385,8.255424127499998,64.0569881895,0.6395001095533405,63.42126255,65.4999474,-1.4049029850620494,2.6444317858213866,-7.445450527499999,1.177730204999999,-0.35842650712440505,0.6394970414088073,-1.80138056,0.27729919774999995
1991-03-01,269.835068845,3.234100132977994,266.71417625,276.585933,7.84584058735,1.2287217641010344,5.0506227500000005,8.931432244999998,64.042998955,0.8136013197588723,63.238279575,65.68853039999999,-2.452340846036905,3.2341010112754054,-9.203207527499998,0.6685537089999997,-0.6491050391602696,0.8136042780270398,-2.294638905,0.15562001249999988
1991-06-01,269.84594108,3.6780736108943226,266.26101700000004,277.11998049999994,8.45379463225,1.4512284816156988,5.443521975,9.781451099999998,64.1337290205,0.9016839798226781,63.254536800000004,65.8812916,-3.01256552271085,3.6780738084385023,-10.2866054,0.5723531674999999,-0.7481575353453345,0.901684759071597,-2.495722895,0.13103675474999993
1991-09-01,270.46518249,3.8343540628464177,266.78592175,277.87076025,8.44524053515,1.5805502368210997,5.266888987500001,9.9006315475,63.786037943000004,0.9185434800407052,62.8968162,65.57014585,-3.522491977336365,3.8343543428278677,-10.9280712,0.15676887999999994,-0.8619494767079353,0.9185438471982019,-2.6460567625,0.027273773774999864
1991-12-01,270.543898565,3.9897305422267397,266.67184375,278.092102,8.69219270545,1.662052002385708,5.423000325,10.238603375,63.7085891725,0.9515519287494096,62.7785038,65.52086335,-3.826172641795376,3.989730799228343,-11.374375025,0.0458794301999998,-0.9216815191973584,0.9515526766982437,-2.733955865,0.00840536820999997
1992-03-01,271.03111461,4.121706987544727,267.1232625,278.75021300000003,8.82588206545,1.7221429888811814,5.5049733075,10.42517015,63.8426287735,0.9788360414191364,62.918587675,65.706431225,-3.8817588557884823,4.121707027051073,-11.600855925,0.026092081149999904,-0.9177021021416127,0.9788363751927628,-2.7815047149999996,0.006340246617499938
1992-06-01,271.59216018,4.123793326147392,267.62952624999997,279.35230925,9.00337790915,1.747353259716868,5.662559795000001,10.6265586,63.7543069215,0.9718938302956188,62.81746819999999,65.6049398,-4.0100199853848,4.123793662951638,-11.770167225,-0.04738879745000002,-0.9505143178287996,0.9718939970834738,-2.801146545,-0.013673100625000014
1992-09-01,272.216522105,4.17344675096556,268.22320974999997,280.03887749999996,9.19394379095,1.7588850258525792,5.8621282525,10.827309475000002,63.9111979725,0.9848673871412738,62.96508575,65.780826625,-3.928443152305948,4.173446428976712,-11.75079645,0.0648684602,-0.9181586948409187,0.9848676955033101,-2.7877859275000003,0.02795369807499995
1992-12-01,274.063677315,4.026003838055335,270.18218925,281.73426725,9.52955100435,1.7321076258286967,6.2054990299999995,11.141433350000002,63.598107101,0.938119357827956,62.693951025,65.400453975,-3.945862430825502,4.026004033096868,-11.616449350000002,-0.06437502765000033,-0.9256687783878849,0.9381185862824678,-2.7280147649999997,-0.021513214675000024
1993-03-01,274.401420005,3.9685802758541113,270.58558275,281.96876225000005,9.29759631895,1.6983437087189572,6.0249264425,10.880112275,63.357180293,0.9292482577985072,62.463354925,65.1496581,-3.906846602251349,3.9685801112151404,-11.4741853,-0.09100936752500009,-0.9155772436346497,0.9292493187535888,-2.7080567899999997,-0.02175058692500004
1993-06-01,274.859854895,3.8197320207215957,270.9559865,282.196526,9.2325419144,1.6620736777533447,6.02439921,10.81538185,63.1760455425,0.8891971074931431,62.253849699999996,64.91928135,-4.036879527955001,3.8197323146163575,-11.37354715,-0.13301338450000008,-0.9571427533559993,0.8891974439433579,-2.700378465,-0.0349436491
1993-09-01,274.73133082,3.732911070144373,270.83439775,281.9906125,9.2687368087,1.6281626490295642,6.107994745,10.852629749999998,63.310628295,0.8707197227072668,62.393166125,65.03043835,-4.041620338760399,3.732911704487672,-11.300901425,-0.1446857407500007,-0.9522442939815853,0.870721168542099,-2.67205862,-0.03477921865000009
1993-12-01,275.78361831,3.5642444890886806,272.23577575,282.84852400000005,9.378337217199999,1.5620080375043242,6.304645717500001,10.86679465,63.658320248,0.8226299228540984,62.836437275,65.34074812499999,-3.5339580566201443,3.564244606957155,-10.598863075,0.013886134474999923,-0.7967542637513699,0.8226294073605125,-2.47918521,0.025133242674999952
1994-03-01,276.75821867,3.279328588479143,273.6354895,283.42551425,9.088362557650001,1.4507659562351818,6.144868635,10.432424000000001,63.523946244,0.7508140543918909,62.8190459,65.11037065,-3.17358465076465,3.2793286560973214,-9.840881045,-0.050855780275000054,-0.7186601734995401,0.7508138092070991,-2.305083475,-0.0137592008
1994-06-01,277.39623274,3.0125805228123097,274.59774849999997,283.71564150000006,8.659498734349999,1.3353465350375495,5.847407475,9.860571165,63.3779373195,0.689370193238963,62.745082875,64.8924494,-2.8920413342660494,3.0125806554942223,-9.211452185,-0.0935565257250004,-0.6585876657100441,0.689369985440722,-2.1730980425,-0.025733904175000013
1994-09-01,277.42931324,2.9167505960268723,274.74697625000005,283.61136325,8.39435296505,1.254094335822789,5.67691039,9.500297125000001,63.656938954,0.6768977310410749,63.025932625,65.148017125,-2.4544153625070084,2.9167503605849494,-8.6364630975,0.22792357524999965,-0.5471336912272792,0.6768980267020793,-2.0382117650000002,0.08387636174999996
1994-12-01,278.10457014,2.693746892952327,275.72812225,284.003265,8.07934084375,1.175173741603052,5.469256295,9.0931701475,63.5487233805,0.6189806539236411,63.008103525,64.956224725,-2.2911451455430245,2.693747072952563,-8.189842449999999,0.08530165184999974,-0.5238092127152543,0.6189802024956443,-1.93130955,0.016810183324999936
1995-03-01,277.49735879,2.6110379337007044,275.27368425,283.31581525,7.8608920299000005,1.1166417692113189,5.318178227500001,8.7897453375,63.7418546505,0.607895691106473,63.22565725,65.12938435,-2.096317114303742,2.6110378165241173,-7.91477427,0.12735601474999964,-0.47866208283323863,0.6078958950712132,-1.8661920575000002,0.03753701872499998
1995-06-01,277.462714695,2.5273239391047,275.33150099999995,283.19201499999997,7.5252856091,1.0777541053248365,5.059989385,8.407426635,63.9225979645,0.5891191430010274,63.428311050000005,65.296024325,-1.9367684693286304,2.5273236404616473,-7.6660688775,0.19444034399999996,-0.44277458494473504,0.5891196748428499,-1.8162016075,0.051513430074999915
1995-09-01,279.285885705,2.3674146959885967,277.06689725,284.80206225,7.58729859455,1.0242868964803582,5.2010758075,8.4447793525,64.046437912,0.5466555090638531,63.517245225,65.34568715,-1.8207489679100526,2.367414894534096,-7.3369300475,0.39823797499999974,-0.41596427210083253,0.5466541870209,-1.7152112475000003,0.11323157024999993
1995-12-01,278.84565311,2.3604210663213236,276.77081324999995,284.33899375000004,7.64200127105,0.9954272102091507,5.3117413575,8.48286093,64.138542855,0.5552874981694147,63.64952687499999,65.45217847500001,-1.7575218852541616,2.360420793055742,-7.250860955,0.31732103049999927,-0.4075193456191751,0.5552880238551735,-1.7211561525,0.08149598757499994
1996-03-01,280.0135941,2.271153861977515,278.084955,285.34833024999995,7.660996598950001,0.9731883242295148,5.3317327274999995,8.45826367,64.062874975,0.5295369943415239,63.609238475,65.323633825,-1.767274927467185,2.271153807554,-7.1020105675,0.161366841,-0.41307354458846257,0.5295364740928641,-1.6738313949999999,0.04056378042499997
1996-06-01,280.353816555,2.240820675446372,278.50740325,285.62503275000006,7.67153428475,0.9547973089457186,5.37814777,8.4376907525,64.005602792,0.5261301895566048,63.572449075,65.25215975,-1.8085820891710207,2.240820657392557,-7.07980201,0.03783003784999991,-0.4265912281236969,0.5261303624489878,-1.6731491125,0.006562633372499946
1996-09-01,280.859979855,2.2050891409029916,279.02973075,286.08176275,7.86433411195,0.9441286240372782,5.60977001,8.618581285000001,63.953207382,0.5174681825955026,63.52212095000001,65.17731092499999,-1.8597707224734503,2.205089081495444,-7.0815489975000006,-0.029520007325000104,-0.43964423423608007,0.5174683247215303,-1.66374752,-0.008557320245000005
1996-12-01,281.54014543,2.128090065478249,279.71065375,286.63395299999996,7.8502841494,0.9248846010667143,5.623433414999999,8.604486504999999,63.8142876515,0.49659753085501085,63.386087,65.006024975,-1.9102788116439993,2.128090143389823,-7.0040834925,-0.08078476960000003,-0.4517202065033231,0.4965974338713446,-1.6434577625000002,-0.023517941225000033
1997-03-01,281.80824165,2.083380687458924,280.02895825,286.83783174999996,7.862107075,0.9039838518920581,5.6639263275,8.6032849275,63.762376831,0.48774107307838577,63.347191425,64.94103255,-1.8466385012950004,2.0833804223790016,-6.8762228375,-0.06735969635000001,-0.43070534212284983,0.487742009140417,-1.6093619725000001,-0.01551801415000003
1997-06-01,284.390898435,1.8643926717364585,282.75309925,289.0781285,7.7601759729,0.8455036110280985,5.672882960000001,8.4479041925,63.455480115,0.4256600044076894,63.078612725,64.531077225,-1.7752884835058498,1.8643930414451546,-6.4625207824999995,-0.13748784125000002,-0.4105716752073497,0.425659012878682,-1.4861668199999998,-0.03370298912500017
1997-09-01,284.10699942,1.8133468348451938,282.58562475,288.7650365,7.70620749265,0.7967050388340271,5.717267665,8.3435594,63.357975738,0.4230261436026836,63.004117750000006,64.42417334999999,-1.6140538127158344,1.8133468532050092,-6.272091990000001,-0.09268399962500008,-0.37087697769906497,0.4230268583907064,-1.4370747525,-0.017018356750000057
1997-12-01,285.06110818,1.7297615614481148,283.6620545,289.567227,7.3755268482,0.7598183599572333,5.4568391025,7.9623852225,63.3386559655,0.40169318801877324,63.012499225000006,64.39064402500001,-1.4178547929421501,1.7297615287519477,-5.9239779850000005,-0.01879868292500052,-0.32070629230493763,0.40169317563382634,-1.37269336,0.0054517378274999626
1998-03-01,285.27624738,1.6201370590811557,283.91427350000004,289.61991525,7.27849224035,0.7182485721188825,5.4174231825,7.829748442500001,63.2149344005,0.3759392761988452,62.895509025,64.22518005,-1.3992862557675507,1.6201370610420989,-5.7429568675,-0.03731440442500004,-0.327649532578655,0.375939538105533,-1.3378951675000001,-0.008221833180000021
1998-06-01,285.91819452,1.528589155598286,284.64720374999996,290.077458,7.20438077385,0.6796304158505266,5.4047226225000005,7.722804095000001,63.2567342275,0.3549928649873272,62.95288955,64.223183775,-1.2968036906214495,1.5285893288505734,-5.4560629574999995,-0.025810855125000365,-0.29890919877238753,0.35499302817942396,-1.2653582874999998,0.004935271159999959
1998-09-01,287.17402482,1.4500920224852987,285.794644,291.17429325,7.34140429755,0.6384142265929733,5.625775990000001,7.859348905,63.380546549,0.3378230949748431,63.0538968,64.322888225,-0.99551222172607,1.4500920783254645,-4.9957822075000005,0.3838702887499993,-0.21425882940389152,0.33782292844274353,-1.1565987624999998,0.11239558899999964
1998-12-01,288.215043515,1.3386878719214224,286.81969775000005,291.9895015,7.0158089973,0.5918774345081752,5.3729004375,7.565654642499999,63.1366845865,0.3104443948560214,62.8005268,64.02684195,-0.8127847444611065,1.3386879619457452,-4.58724458,0.5825573609999986,-0.17771407630873656,0.31044424397019776,-1.067871255,0.15844386499999952
1999-03-01,288.538560225,1.2510993792521363,287.03868825,292.13720824999996,6.76734087135,0.5525217216257379,5.199899425,7.3650482575,62.861132361,0.29183710902959237,62.502041199999994,63.70574727500001,-0.777323408255805,1.2510993761393059,-4.375971665,0.7225451787499997,-0.18058655603109602,0.29183725695820356,-1.0252000425,0.1785048669999996
1999-06-01,288.607242405,1.191124039264644,287.06012224999995,292.05360549999995,6.58472770815,0.5251925319536267,5.07343732,7.200925225000001,62.764944914,0.2793810568940461,62.391199,63.58434925,-0.7826918810123804,1.1911241374425634,-4.2290506625,0.7644314609999981,-0.18632008708634498,0.2793812925219524,-1.005724195,0.18742873274999994
1999-09-01,289.22303495,1.1496998914226986,287.67253375,292.61927725,6.6125497181,0.5041073792300894,5.1449286725,7.243814782499999,62.931379304,0.27015157534458745,62.567163175000005,63.714078924999995,-0.6096573825233349,1.1496998306821913,-4.005900527500001,0.9408425897499999,-0.13469171158403004,0.2701516249966031,-0.9173914375,0.22952486099999941
1999-12-01,290.38600291,1.1074026605998273,288.779171,293.621204,6.43857764985,0.48273622800018196,5.044470007500001,7.082168802499999,63.0130032965,0.2608447938598614,62.626336725,63.772149825,-0.41968761819386013,1.1074026794385445,-3.65489097,1.1871445949999995,-0.08674292305050148,0.26084479429849716,-0.8458886975,0.2999244905
2000-03-01,290.29365033,1.0713916429596122,288.67913725,293.46851899999996,6.50165247205,0.4652974933582624,5.15311348,7.1711075125,62.966723117,0.2526791878740049,62.583218775,63.698881225,-0.340640975197175,1.0713916928644223,-3.515510905,1.2738718349999996,-0.07566739432506714,0.25267914991017637,-0.80782484525,0.30783555349999997
2000-06-01,290.67316214,1.0704511684575542,289.16435624999997,293.848562,6.21632713345,0.45433460653943225,4.917161145,6.8627402549999985,63.136487081,0.25464822187143904,62.776079925,63.868612049999996,-0.08327937657427562,1.0704512444419663,-3.2586791975000002,1.4255297474999986,-0.0033660896256850334,0.2546483306760352,-0.73549032625,0.3570412634999997
2000-09-01,290.403053185,1.1062062685091556,289.07884550000006,293.653158,5.9767435329,0.4513428699289826,4.662980317500001,6.594476545,63.4075737405,0.26658313643880044,63.088093324999996,64.15503922500001,0.14705020297450014,1.1062059857812774,-3.1030519199999995,1.4712602149999996,0.05035906152157505,0.2665835754394491,-0.6971076249999999,0.3698420859999997
2000-12-01,290.28311256,1.085293773383604,288.92253725,293.41542024999995,6.0627794693,0.45137335528601186,4.724911885,6.634346097499999,63.139930138,0.26306865432138116,62.795749625,63.858354299999995,-0.4691211995858499,1.085293934938473,-3.6014339625,0.8914587417499988,-0.14866776443071,0.2630695727457712,-0.8670921577499999,0.19551454824999995
2001-03-01,291.04326128,1.0777114208817271,289.629341,294.22063049999997,6.1207260028,0.46052455778214946,4.7857479375,6.6835875775,63.189058149,0.2580895762745378,62.860265075,63.891574524999996,-0.7549592285326401,1.0777116419635075,-3.9323289675,0.6589628779999998,-0.19956743595877996,0.25808963380175043,-0.90208558225,0.129227661
2001-06-01,291.479647445,1.1251910035653385,290.217331,294.71294474999996,6.5904112023,0.47466513090027374,5.258436835,7.119132135,63.6105477075,0.2714804694432134,63.322188024999996,64.35794097499999,-0.6964386223280451,1.1251910837338415,-3.9297388625,0.5658752324999996,-0.163682969792332,0.27148066272337906,-0.9110773175,0.12467676424999978
2001-09-01,292.300282385,1.0970532532283344,290.98171775,295.45013424999996,6.5900944338,0.4760149438874741,5.278610485,7.114210997499999,63.569506492,0.2601931776713358,63.259511975,64.29613705,-0.7085511129484252,1.0970533243911382,-3.8584010475,0.6100091367499967,-0.1673894620317049,0.26019321745162866,-0.894020158,0.14260485474999998
2001-12-01,293.024175815,1.0662702680701175,291.617652,296.09048549999994,6.7235161705,0.4638679660300308,5.43927183,7.276752584999999,63.598147799,0.2527041238538026,63.260282325,64.30975385,-0.6115598633309247,1.0662703254712733,-3.6778684249999998,0.7949675364999998,-0.13752077853467704,0.25270408464386523,-0.8491264735,0.2003455859999997
2002-03-01,293.30772532,1.0209392558614725,291.81214100000005,296.2499095,6.4070239708,0.44683655204831313,5.14896167,7.000326729999998,63.4363442995,0.24186575899535456,63.097384700000006,64.11882005,-0.5271737863246003,1.020939110329938,-3.469355915,0.9684100517499987,-0.11858430864418996,0.24186593789214048,-0.80106052475,0.22037517499999973
2002-06-01,294.65668016,0.9687606263581142,292.95991399999997,297.40117275,6.21406296695,0.4256460522579792,5.0104566974999996,6.8818025175,63.2458160485,0.23038336904929,62.839958275,63.88217782500001,-0.4891702573515349,0.9687604631642704,-3.23365906,1.2075997399999983,-0.11208137970339498,0.23038331445739246,-0.74844078675,0.29377710925
2002-09-01,294.450659785,0.95780835729793,292.80254974999997,297.18821575,6.1299863055,0.4142127885263171,4.981162177500001,6.812092449999999,63.391532484,0.22854141840851924,63.00623495,64.02117695,-0.34283781402384983,0.9578083823069471,-3.0803973475,1.305268144999999,-0.07313926946807349,0.22854150818133764,-0.70278338575,0.31215717199999954
2002-12-01,294.801536465,0.9451447577341744,293.17446175000003,297.516598,6.0538070312,0.40663235874446907,4.9320614449999995,6.735145074999998,63.578726251,0.22573853424480836,63.196992,64.193408125,-0.20295017882644903,0.9451449886413105,-2.9180163699999997,1.4241214799999995,-0.038724863734859005,0.22573852055558344,-0.65340684875,0.3430103959999982
2003-03-01,294.455732125,0.949328702898215,292.9464695,297.262623,5.99782301745,0.401163993335275,4.8900059475,6.6719840675,63.882353176,0.22839279570540108,63.536507525,64.51268314999999,-0.05057036399056499,0.949328653751775,-2.8574579025,1.458691429999999,-0.0015039648787499836,0.22839310576501015,-0.6318352894999999,0.34433933074999995
2003-06-01,294.69974402,0.8968863713340068,293.044526,297.24378525,5.9807102408,0.3888236642289015,4.92490525,6.666674345000001,63.5963217285,0.21469257095168598,63.20304225,64.147852725,-0.2387425923125766,0.8968863115586532,-2.7827831250000004,1.416470319999999,-0.06581660529447016,0.214692708762533,-0.61734735175,0.3274616219999989
2003-09-01,296.058305525,0.8961271455667064,294.18971275,298.38253625,5.83400588565,0.38058534027459606,4.841830687499999,6.569671079999999,63.437390456,0.2180970220008999,62.968272324999994,63.939117700000004,-0.2100516651751794,0.8961270980240834,-2.5342845,1.6585388349999985,-0.047612056316884,0.21809712777089532,-0.54933905875,0.42150428649999966
2003-12-01,297.22523462,0.9161540803919209,295.2243045,299.32968075,5.6886072404,0.38411996461958786,4.7604666049999995,6.516069395,63.4188948795,0.22346669248481535,62.914312974999994,63.883378650000004,-0.024880208709009977,0.9161541912609026,-2.129325115,1.9760519599999968,0.004947758925635495,0.22346698993606967,-0.45953557224999997,0.5095305742499988
2004-03-01,297.508934375,0.9322776148502558,295.37639025,299.51605575,5.5630111638,0.39034909308721427,4.691687615,6.45290201,63.2829731435,0.22591387819129133,62.761835275,63.725448899999996,0.04826006370025007,0.9322776623537496,-1.9588593825,2.180807167499999,0.014545126551440026,0.2259137311343884,-0.42793128249999995,0.5356834524999998
2004-06-01,297.880670415,0.9446667371747247,295.7063705,299.75796975,5.48855424675,0.39509518458852527,4.6635483025,6.4031605575,63.3178633765,0.22821016418017478,62.78924095,63.74056735,0.10995190365160504,0.9446668125915894,-1.7673474999999998,2.2842496449999974,0.027834766274159973,0.22821009474854603,-0.39486972025,0.5564573297499993
2004-09-01,298.196754895,0.9695038138634826,295.9849455,299.94831025,5.5554058377,0.4011403758760183,4.7741302249999995,6.4866412525,63.3645054015,0.23499856178135003,62.818450575,63.75974535,0.15787462695795004,0.9695036580504838,-1.5936828399999998,2.369685989999999,0.03821758041771003,0.23499846812566086,-0.35702344924999996,0.5842722447499995
2004-12-01,298.425529585,0.9722047003549581,296.16982275,300.130538,5.24071003845,0.40727144503033846,4.506050145000001,6.1563925425,63.633636819,0.235038854135662,63.07315055,63.999654924999994,0.34034212654277685,0.9722046050776695,-1.3646692624999999,2.5960447574999987,0.08992617181863001,0.23503877831117218,-0.27609288575,0.65041161
2005-03-01,298.63464438,0.9730604239460876,296.37588100000005,300.32550074999995,5.28950088545,0.4130302449705497,4.597647395,6.213408484999997,63.9956099345,0.23480516940709045,63.434171025,64.36614519999999,0.512469314583128,0.9730603919886844,-1.17838701,2.7712343749999993,0.131482020562777,0.2348053861902356,-0.23905199925,0.6929216664999993
2005-06-01,298.61328294,0.9744703336122662,296.323101,300.2868435,5.28612230645,0.4175683275544808,4.5995175375,6.234498739999999,64.242890892,0.23460591066315953,63.688891524999995,64.61776985,0.6288809173157751,0.9744703163600207,-1.0446792074999998,2.9190670599999997,0.15630223934678297,0.2346059169762311,-0.218576987,0.7103026779999995
2005-09-01,299.28678927,1.0032706704965049,296.942544,300.88875975,5.21654579885,0.42591100794797804,4.561149595000001,6.189746029999999,64.358902307,0.24292875095912403,63.784369999999996,64.708102,0.6831581072241609,1.0032708105801706,-0.9188107495,3.027399097499999,0.1662181622942705,0.24292900782493887,-0.18298159200000003,0.7407506229999985
2005-12-01,299.8183287,1.0508342621995712,297.35655399999996,301.2906475,5.263724077,0.43819260908536944,4.6608980025,6.2775697574999985,64.2991019225,0.2551915848362071,63.691554825,64.614862675,0.6033288650104779,1.0508343654032024,-0.8689891809999999,3.065105795,0.13847071237579422,0.25519176253834,-0.17728940025,0.7460182072499997
2006-03-01,299.475404735,1.0580805834570322,296.9903155,300.82785674999997,5.2833194307,0.44210480152204423,4.712039325,6.3084481525,64.367362859,0.2547053926493399,63.764892724999996,64.665389,0.5485337462183902,1.0580804334368188,-0.8039168347499999,3.033621575,0.12492453949888455,0.2547052355366459,-0.1731012675,0.727393891499999
2006-06-01,299.3235081,1.0727327630237744,296.878641,300.6503935,5.09740464545,0.44390548649581313,4.5566215525,6.125161657499997,64.4980535995,0.2591066484792879,63.8961772,64.79307800000001,0.5782969566750922,1.0727326534627613,-0.7485858345,3.0231686749999995,0.13719931607642408,0.25910605176022966,-0.15782446475,0.7390730942499992
2006-09-01,300.180685465,1.154956480273237,297.5282905,301.43578775000003,4.97645034595,0.46736178108845283,4.444050685,6.047843224999999,64.7644749315,0.2844018694851904,64.105257875,65.041208375,0.82251640879783,1.154956707117011,-0.43258296575,3.474912314999999,0.21023200534760655,0.28440256858172785,-0.06650192282499999,0.8694501652499992
2006-12-01,300.92499866000003,1.2923762609169955,298.053102,302.17086324999997,4.86320364395,0.5114224680192204,4.3890542125000005,6.002009672499999,64.657202174,0.31831273923831477,63.944058375,64.9571567,0.8537390730453297,1.2923762568142414,-0.39212516424999994,3.725635409999999,0.2048026845613116,0.318312916218834,-0.095152297525,0.9179470422499992
2007-03-01,301.610688975,1.3665036437512312,298.59357225,302.86800424999996,4.93316470925,0.5484380763960881,4.4643104000000005,6.129154514999999,64.7450336495,0.33259638514156514,64.01532565,65.04575407499999,0.960051257590525,1.3665036931885146,-0.29726605075,3.9771676774999998,0.23291789741974966,0.3325967979838531,-0.06780413435,0.9626261057499994
2007-06-01,301.635621515,1.3908310543787357,298.6226635,302.83556450000003,4.7477111197,0.568933227913729,4.278146692500001,5.972476539999998,64.805035454,0.3347210651074898,64.071497925,65.090868075,1.0617463162022194,1.3908311031184608,-0.1382002825,4.0746992225,0.2558164573065839,0.3347208381273722,-0.03001635195,0.9893531347499998
2007-09-01,302.26640429,1.4089979669350512,299.194312,303.518218,4.7130534455649995,0.581705021941833,4.2293828300000005,5.9587541774999995,64.9557870865,0.3387213746093221,64.2119172,65.25323272499999,1.1615019139524392,1.4089977609682118,-0.09031461927500001,4.2335948875,0.27998648110404845,0.3387218916879796,-0.017461021375,1.0238576849999996
2007-12-01,302.056252285,1.3675050494459817,299.013906,303.27925275,4.84051559305,0.5810044256016386,4.35379176,6.090690694999999,65.105349331,0.32484858522613297,64.38061065000001,65.3939141,1.2508245016324495,1.3675050909826627,0.027827872899999998,4.293165774999999,0.3000602423376001,0.32484860441725727,0.011493330725,1.0247974024999995
2008-03-01,302.528222955,1.3597451715684894,299.51213325,303.75620424999994,4.58501397632,0.5764222977823634,4.096120340000001,5.827199015000001,65.095962943,0.324417472719343,64.371472325,65.387086025,1.2635618195590999,1.3597452334192148,0.03557687455,4.279655897499996,0.299414414977292,0.3244179882523912,0.008290755969999999,1.0239081649999986
2008-06-01,302.280494875,1.2578918838646385,299.42154375,303.4780705,4.75593749255,0.5546961099214033,4.27645193,5.967654844999999,65.2328091325,0.2952175616883123,64.55749605,65.512626275,1.2794860290254997,1.2578921159474168,0.08190723192499999,4.138432982499999,0.30224888919939996,0.29521764318612354,0.022431298325,0.9775612189999974
2008-09-01,302.504018435,1.170509110748512,299.80202425,303.63675225000003,4.65930727047,0.520728983950774,4.202938195,5.800585199999999,65.246665668,0.2753292206220785,64.592219575,65.51301885000001,1.2008947548113,1.1705096420456202,0.06815876835000001,3.9028902399999974,0.2787661291758,0.2753300882407113,0.012410494775000001,0.9332181219999999
2008-12-01,301.983188515,1.0204692840828784,299.49452075,303.25802400000003,4.79531703007,0.45953187861521055,4.366612610000001,5.849857247499999,65.2632690795,0.24098647759871478,64.67271135,65.59123489999999,0.734777024302695,1.0204694748113916,-0.540056064,3.2234489174999976,0.1414747275766044,0.2409863128191988,-0.18649741625000002,0.7320311464999995
2009-03-01,302.649279735,0.933149237300078,300.36941325,304.119419,5.52679511795,0.4093958161023081,4.977806407499999,6.502484769999998,65.5325942515,0.22386371634067267,64.988768675,65.908183175,0.4646643599782951,0.9331492689618089,-1.0054710025000002,2.7445299324999994,0.091331564788322,0.22386383929131007,-0.284255845,0.6351592737499998
2009-06-01,302.97663882,0.9015953737072707,300.78463150000005,304.56286975,5.85810653615,0.3875610123318337,5.2292272425,6.7439240925,65.4515007595,0.21754379665018764,64.92665855,65.831297075,0.25085994243788007,0.9015952392781538,-1.33537538,2.442864797499998,0.045793150321788496,0.21754381668303596,-0.3340024525,0.5706345264999999
2009-09-01,302.98053811,0.8853885363298761,300.860817,304.60991275,5.7546541304,0.378068122494663,5.1013045975,6.613411405,65.290127433,0.21397087461608044,64.77451475,65.68346675,0.13104643019164655,0.8853884636809276,-1.4983295425,2.2507709099999964,0.023211757237447006,0.21397079958241239,-0.37012815299999996,0.5388227372499987
2009-12-01,303.356847215,0.8787792991389192,301.2492765,304.96385775,5.6133310553,0.3741932923662423,4.94890651,6.4710250175,65.2427966745,0.21313955806140483,64.74144154999999,65.627984775,0.13993064663431778,0.878779356680447,-1.4670836624999999,2.2475014899999994,0.033984070363522786,0.2131395805757956,-0.35120400399999996,0.5353391969999988
2010-03-01,303.315454805,0.8725035427741473,301.19716575,304.93278875,5.3909021596,0.3722500629860995,4.714727969999999,6.2513251049999985,65.228623345,0.21165410883750818,64.73228950000001,65.61889059999999,0.16883844368149645,0.8725036052767581,-1.4484927825,2.2871243749999968,0.04222368316344069,0.21165404801051604,-0.34804373875000005,0.5385573927499997
2010-06-01,303.592822965,0.8855972090656746,301.38734575,305.12529125,5.35111828335,0.3728683606137023,4.673566635,6.2229682975,65.134663537,0.21631458599100023,64.61469614999999,65.496502775,0.12637174914195007,0.8855970285931292,-1.4060987374999998,2.331849269999997,0.028144143142310014,0.21631457636772689,-0.33369687475,0.5481143024999998
2010-09-01,303.806573415,0.8845875301350482,301.62535275000005,305.41454899999997,5.209374296175,0.37495144513942236,4.550533635,6.090250115,65.3391946515,0.21554891278408306,64.827642875,65.71544205000001,0.265909342165467,0.8845876860854183,-1.3420688374999998,2.447130312499998,0.07189839418409551,0.21554900058301665,-0.30434929475,0.583450387
2010-12-01,304.119478615,0.8829073223340308,301.98225375000004,305.79200149999997,5.22346543426,0.3764334747610524,4.5400369199999995,6.104330792499999,65.571607651,0.21520529997491436,65.06697825,65.968537375,0.4325829009367,0.8829074134967515,-1.2399386425,2.5698089599999934,0.11462246847166999,0.2152055996515132,-0.282306879,0.6192526099999995
2011-03-01,303.443310865,0.8733009557481632,301.28182125,305.14826200000005,5.111894935135,0.37462523782313845,4.404675635,5.971210414999998,65.538073946,0.21171763844175764,65.04301925,65.95170135,0.39485117029872496,0.8733010032236809,-1.3101019875,2.556342924999998,0.0930194198458,0.2117175545999367,-0.3206093515,0.5880734745
2011-06-01,304.45057574,0.911867844581683,302.1526745,305.95153949999997,5.06971156225,0.37751820430410976,4.3941761125,5.9552586575,65.2713341865,0.22373151124868937,64.73380255000001,65.621224675,0.19535831565857328,0.9118679417682979,-1.305604285,2.493263534999997,0.036118816831234066,0.2237317095860358,-0.31376920625,0.5736493417499998
2011-09-01,305.41051401,0.9151641444625533,303.08889025,306.89744924999997,5.294129246845,0.38193317991302217,4.6439747575,6.1970185625,65.385211142,0.2227796672867929,64.85396795,65.73466867500001,0.25432782873007254,0.9151643760894551,-1.23260952,2.5759483999999992,0.06373255688880848,0.22277993299825083,-0.28572409774999996,0.5949763439999998
2011-12-01,306.06601822,0.9212556683250549,303.75954199999995,307.516706,5.31875440281,0.3844194078444642,4.69844927,6.206625627499998,65.225226698,0.22402256969864437,64.691687675,65.547148625,0.27632939223343594,0.9212555774135455,-1.1743566699999999,2.582809564999998,0.06701972565352649,0.22402264830815333,-0.25490338449999994,0.6005583214999999
2012-03-01,306.52435378,0.9031682450330778,304.2484345,307.96997875,5.271585799925,0.3830620561268095,4.6596541425,6.168576282499999,65.178955709,0.21839586249682075,64.64888040000001,65.50358295,0.3489171782851451,0.9031682336253226,-1.0967106100000001,2.6248385949999986,0.08677321398644247,0.21839595710877302,-0.2378534665,0.6168492145
2012-06-01,306.793959135,0.8798525916887175,304.60336575,308.28080924999995,5.253430421935,0.3769392669101812,4.6522796425,6.148631837499999,65.0855622855,0.21232266652789758,64.5829727,65.41792675,0.33524291618467594,0.8798524796597944,-1.1516053775,2.5258344749999995,0.0781649730831404,0.2123226631476989,-0.2542000365,0.5807545479999993
2012-09-01,307.01355546999997,0.8522269722671942,304.91885449999995,308.57089675,5.3947171141,0.36780639222064754,4.7824926525,6.2550288875,65.065610873,0.20573988558004577,64.58732595000001,65.42212845,0.29121012164814003,0.8522270358397985,-1.2661302275,2.3859143224999957,0.06556104934523001,0.2057399113651887,-0.29095652650000003,0.5438462527499993
2012-12-01,307.1120873,0.8300014313274477,305.09814,308.69534000000004,5.458066766025,0.3588837277384237,4.809777855,6.2879019975,65.014812497,0.20089160236540649,64.559235325,65.382788,0.2120266826545426,0.8300014120107294,-1.3712244075,2.2259718849999985,0.044631461058927985,0.2008916020649594,-0.32334350375,0.5002078334999998
2013-03-01,307.154353445,0.8127481692376683,305.30642325,308.8343115,5.548466962255,0.3510919931622066,4.8707697875,6.326382299999999,65.1593053225,0.19806927568155552,64.744066475,65.558475875,0.21908609123210998,0.8127481919011694,-1.4608752125,2.0670151374999985,0.05175058127591999,0.1980693471183413,-0.3474174695,0.46698922874999943
2013-06-01,307.22112983,0.8050281837307139,305.47578500000003,308.9635035,5.67426660705,0.34705154675963257,4.952185465,6.4067117499999995,65.0639074065,0.1962145313991842,64.657237275,65.47852965,0.10285840188630008,0.8050282516711301,-1.639519215,1.8481983974999998,0.017486808731758004,0.19621455250729336,-0.39713502274999996,0.42415694324999925
2013-09-01,307.772488375,0.798918377875777,306.06304625,309.525302,5.72688738445,0.3455857321453657,4.9793757974999995,6.422933994999999,64.895913963,0.1944490056067438,64.4890298,65.3035005,-0.03013165647012848,0.7989183645062086,-1.782947645,1.6793097924999998,-0.015126135880972303,0.1944489978997056,-0.422711915,0.39175835124999914
2013-12-01,308.34261985,0.79502040312886,306.63622525,310.07169775000006,5.79456660615,0.34500919213086745,5.0463680025,6.477081585,64.687228152,0.19351141208513137,64.28561024999999,65.089252475,-0.16184776837678896,0.7950204113711772,-1.8909233424999998,1.5445457674999992,-0.04693168412218002,0.19351142106861333,-0.44895671325,0.3546858479999988
2014-03-01,308.697802665,0.7997709903449532,307.07852850000006,310.49958075,5.8307783504,0.34623346939833016,5.06985292,6.487183024999999,64.6772174305,0.19509152862236334,64.29769077499999,65.10034865,-0.17621053538193995,0.7997710067229008,-1.9779871675,1.4430593874999993,-0.04393707992824552,0.19509157958188075,-0.46706861424999996,0.33558993324999986
2014-06-01,308.86644156,0.8094214227887727,307.326384,310.7426735,5.8436870675,0.3493996205895775,5.0719391925,6.4683634424999985,64.686154167,0.19764377142677697,64.3304049,65.12428007499999,-0.21295821908030127,0.8094213844838516,-2.089188575,1.3270956199999997,-0.05350836850849302,0.19764385723917618,-0.49163512049999997,0.3022410977499997
2014-09-01,308.97291879,0.8224484252121859,307.5160895,310.87134475,6.0651221464,0.35408397394099633,5.284128615,6.662471265000001,64.758795677,0.20071297460264925,64.42041264999999,65.20986517499999,-0.2645705620489315,0.8224484457130462,-2.1630007125,1.1922577874999978,-0.06618692019590698,0.20071306440757292,-0.51725661475,0.2721966852499995
2014-12-01,309.08557399,0.8147712029544636,307.65700250000003,310.92093500000004,6.12273478075,0.3559350880636401,5.333213632500001,6.704422429999999,64.695279935,0.1975384350282483,64.3569258,65.132230125,-0.3542057774359056,0.8147713982931435,-2.1895621674999997,1.0743655149999969,-0.08934925024323549,0.19753856463911734,-0.52630029725,0.2490030947499993
2015-03-01,309.52557972,0.8233504740368276,308.08920975,311.41738575000005,6.0813354113,0.35608547527095674,5.2749953099999995,6.667768455,64.894512073,0.20016178151395975,64.55436945000001,65.32295327499999,-0.24599848619946302,0.8233504422308017,-2.1378082375000003,1.190371587499999,-0.05116777269899098,0.20016183885413222,-0.47960983425000003,0.28897706874999957
2015-06-01,309.306233405,0.8092617535522962,307.89200325,311.18575350000003,5.9063890171,0.35378085941587156,5.1032864700000005,6.489591677499998,64.8757825845,0.19617234094895641,64.54264255,65.310228825,-0.26549001788169885,0.8092618191136841,-2.145013745,1.1487387149999948,-0.06313065927310699,0.1961725424696436,-0.4975763225,0.27000853874999925
2015-09-01,309.843373905,0.7978501435454396,308.38703775,311.72208224999997,6.08603095665,0.34864403444075687,5.283081495,6.670222387499996,65.0241971295,0.1932151347866573,64.681993425,65.44987815,-0.1778118181361105,0.7978501017864206,-2.056516625,1.2785190724999953,-0.035272143214470975,0.19321499565774633,-0.460951834,0.3069326854999985
2015-12-01,309.925356665,0.8147025999925039,308.404475,311.844559,5.792201937055,0.3467270269756059,5.00058596,6.388579989999998,65.156715122,0.1991173032929243,64.8137716,65.58720034999999,0.013605548220863024,0.8147026148809242,-1.9055997949999999,1.5344887349999987,0.016823588722021242,0.19911746960624924,-0.41366325675,0.3597671439999998
2016-03-01,310.36488335,0.7987829682487985,308.79299725,312.24582925,5.78464486007,0.3436140055751645,4.9976671425,6.3999478199999995,65.0572302985,0.1938283947335785,64.701912025,65.483573025,0.04167440545912505,0.7987828132283245,-1.8392731975,1.613559764999999,0.014315024897128504,0.19382835605808849,-0.41202800224999997,0.36963435649999965
2016-06-01,310.6828824,0.7825063156517374,309.082703,312.47033324999995,5.670980516255,0.33927920768846453,4.9042059775,6.298468442499999,64.876484116,0.19006146067350227,64.517004325,65.284443225,-0.017537562934860054,0.7825062852113677,-1.804990325,1.5826400699999974,-0.0063153468891405115,0.19006143335504444,-0.41427442124999997,0.3531642132499993
2016-09-01,310.39096207,0.7810453703851117,308.82076275000003,312.17580224999995,5.60875295317,0.33822195763718194,4.86176859,6.233604115,64.7019135715,0.1908809722929727,64.35461579999999,65.105793625,-0.15030357455555496,0.7810455440993709,-1.9351475949999999,1.4198943299999955,-0.044394956874942125,0.19088125505016898,-0.4482764495,0.3029004887499993
2016-12-01,311.23884401,0.7699492782960399,309.6478595,312.96230299999996,5.6533333978849996,0.337258588693899,4.911094887500001,6.281536185,64.643721226,0.18733029714000682,64.2776574,65.02683259999999,-0.234314523457465,0.7699492484793026,-1.957772265,1.3566733399999977,-0.06107834005908,0.18733028207216557,-0.44418987475,0.30498690574999976
2017-03-01,311.08650271,0.7706332714125183,309.50908575,312.78029449999997,5.71345492312,0.3361843735484001,4.98162646,6.34535262,64.672460195,0.18792875199342124,64.314697725,65.05363692499999,-0.25759785444741,0.7706332793909625,-1.95138673,1.319823475,-0.06399381381747499,0.18792883080547207,-0.44516941725,0.2937665737499994
2017-06-01,311.156694795,0.7748375795945468,309.53700599999996,312.90670124999997,5.516728459945,0.3368136138893889,4.7849139925,6.144510047499999,64.872691326,0.18908303101617271,64.4937931,65.2585363,-0.15054470040593498,0.7748376129048922,-1.900546895,1.4691409224999954,-0.03008729873318351,0.18908309990185507,-0.41593297625,0.3488099494999999
2017-09-01,311.56247676,0.7812477029199262,309.90967825,313.30312125,5.499794538345,0.33760186969613737,4.7786003825,6.1465191474999985,65.1458867445,0.1907361343532191,64.76130015,65.534348675,-0.007510712770351029,0.7812477656116976,-1.7481562999999998,1.6452838624999924,0.007615732760018009,0.19073616244483615,-0.38084581475,0.39220253824999995
2017-12-01,311.53932889,0.7873473700382945,309.815357,313.29699074999996,5.49593023682,0.338978281023338,4.7817118875,6.171060609999999,65.3310898175,0.19209325838481067,64.9500045,65.72342997499999,0.07827826972479998,0.7873472323532826,-1.67938136,1.8022533999999995,0.024878932670090004,0.19209327748582342,-0.36746098499999996,0.4059639737499998
2018-03-01,312.05338326,0.7925227271479954,310.249724,313.75704675,5.575242003535,0.34032270567774564,4.8762882549999995,6.279346294999999,65.4216693145,0.19326160771374304,65.024675575,65.80018022499999,0.14169039797848898,0.7925227196783369,-1.5619760825,1.9453514574999953,0.039241943748147205,0.1932616611059504,-0.33926886675,0.4362365552499999
2018-06-01,312.36310472499997,0.7979691012978741,310.47626375,314.0004205,5.48594425053,0.342089438573013,4.806902634999999,6.215054744999998,65.313629282,0.19448160413768775,64.89511845,65.67468927499999,0.14837671531237603,0.797969057046054,-1.488942095,2.035216589999998,0.036833247622017,0.1944816220189382,-0.32422644449999993,0.45534438524999993
2018-09-01,312.267895895,0.8028706702325485,310.41076175,313.90674950000005,5.246697837445,0.34430309273649334,4.578725395,5.98487423,65.333655971,0.19526199545322756,64.916081225,65.70448072500001,0.1997212395187,0.8028706402150745,-1.4391280850000001,2.0568544775,0.050375143595725,0.19526200729542628,-0.32044926225,0.4679491489999999
2018-12-01,312.14496515,0.8063159018799573,310.27676199999996,313.77240275,5.112162213705,0.34592159615404455,4.437737215,5.8499512225,65.3876964825,0.19595664751467712,64.9768924,65.7620842,0.20468458502832002,0.8063158926191668,-1.4227500325000002,2.0728834124999986,0.048489970526976,0.1959566754034905,-0.32589920999999994,0.4592934697499997
2019-03-01,312.438101195,0.8056662734747738,310.58727000000005,314.06730525,5.10883291237,0.346325432156244,4.4271538999999995,5.84598862,65.5190979725,0.19562536451229964,65.10857775000001,65.88975884999999,0.19178723182085003,0.8056662977219202,-1.4374219875,2.042616649999998,0.0446650949039805,0.19562537645454292,-0.3259954115,0.4551854127499999
2019-06-01,312.339839525,0.805001888561957,310.57063575,314.02244425,5.28864228612,0.34586010172089565,4.5919533325,6.0126419349999995,65.7265724905,0.19605869744127663,65.3388508,66.12323275,0.2119693531389,0.8050019335615839,-1.470636225,1.981169742499996,0.05132310297090299,0.19605870228222513,-0.3453370735,0.4390447749999997
2019-09-01,312.451435565,0.8157298701651305,310.774196,314.22603725,5.32934851712,0.3463971118604496,4.604125939999999,6.024012442499998,65.881631738,0.1995556305016216,65.507782175,66.29840050000001,0.281332231482635,0.8157297838427827,-1.4932678625,1.958575364999991,0.07169317114738,0.19955578740396135,-0.34507706325,0.44554458049999973
2019-12-01,312.806253615,0.8003611033447067,311.0828445,314.48111850000004,5.22649157418,0.3450952995635454,4.504904864999999,5.924919657499999,65.6650079015,0.19431925543098233,65.27877945,66.053054275,0.13015191996495,0.8003612400058596,-1.5447126625,1.853558112499993,0.023205682655678097,0.19431925543857095,-0.36484162724999997,0.40943422774999944
2020-03-01,312.322050755,0.8067544634330298,310.71547100000004,314.03376675,5.192152972495,0.34449446270280865,4.4687181475,5.85329886,65.655367628,0.19729182222450564,65.28097425,66.0516819,-0.020439970570332075,0.8067545713724152,-1.7321600175,1.5861351224999896,-0.015301268340854993,0.1972920962975167,-0.411616331,0.35908633225000003
2020-06-01,313.0526934,1.1875430518318137,310.640523,314.97705925,5.31184373311,0.4566142590692782,4.2501616024999995,5.9953167474999995,65.5022917845,0.29661363610573943,64.8893453,65.950629975,-7.98392720185,1.187543980831254,-9.908292529999999,-5.571750550000001,-2.433427884415,0.2966166812681091,-2.8817797300000003,-1.820475705
2020-09-01,313.50581823,1.177086868422962,311.20482124999995,315.52850700000005,5.05527903206,0.5210645377783262,3.9384022975,5.882714325,65.6260030015,0.36105344241297527,64.9205314,66.201379875,-5.0306680374055,1.1770878963244666,-7.053359435,-2.7296666425000002,-1.0583771570805,0.36105882083671165,-1.63376165,-0.3529043697500007
2020-12-01,314.201616005,1.0058832261298993,312.23285899999996,316.03128799999996,5.672789148415,0.4421498601059826,4.7173969125,6.321359345,66.012243022,0.2652076398922289,65.4841986,66.481828425,-2.376069088551,1.0058832638807669,-4.205739235,-0.40731581425000074,-0.41877626973580506,0.26520749143466515,-0.8883679692500001,0.10926486374999987
2021-03-01,314.765684435,0.9827309261323613,312.73512800000003,316.4235995,5.46877756177,0.3934172507620478,4.6178508625,6.127421284999998,65.89554525,0.25067895015250347,65.382345525,66.319977275,-0.8320334648996001,0.9827308324059332,-2.4899465975000004,1.1985265999999992,-0.10406436395179391,0.25067889495052637,-0.5284966975,0.40913442849999954
2021-06-01,314.6084958,1.0075992707580113,312.37624375,316.15452600000003,5.106320400395,0.3857306905692919,4.399217445,5.907022704999998,65.7531817705,0.2538032244952316,65.20432085,66.13340695,-0.02066921330049494,1.0075990509377926,-1.56669946,2.2115836699999973,0.04643387138856002,0.2538012126173005,-0.33378716075000003,0.5952907767499998
2021-09-01,314.332914235,1.493273739181662,311.21912599999996,316.318273,4.408500421375,0.43448272082118355,3.804131215,5.368912934999999,65.5450222515,0.3933879945168692,64.76765502500001,66.05498862500001,-1.5878341287346602,1.4932745007646764,-3.5731937575000003,1.5259539124999963,-0.4794923030301999,0.3933904116762103,-0.9894656827499999,0.2978818517499996
2021-12-01,316.48892309,1.794637378407053,313.06579875,318.74249050000003,4.509024998579,0.5370545015140866,3.87889063,5.6451596550000005,65.440761268,0.47415622299124355,64.59227680000001,66.026879575,-0.4283914906051746,1.7946375340152154,-2.6819572099999998,2.994727787499999,-0.043171421806619856,0.4741594545029629,-0.62929384025,0.8053144242499999
2022-03-01,315.784967345,1.6328797979800669,312.51888625,317.68563875,4.261679705375,0.6104268051233956,3.5921603975,5.479004012499999,65.870172593,0.39682981049795535,65.0644466,66.331783024999993,0.7374053308544999,1.6328799076994553,-1.1632669900000001,4.003484295,0.23748565772161856,0.39682895997406176,-0.224126059,1.0432113825
2022-06-01,315.62211561,1.600068077425341,312.337116,317.341223,4.2528123207755,0.6370617998605818,3.60373332,5.51267463,66.0080391245,0.38636487671523706,65.214603875,66.424475725,1.304091573481335,1.600067859964105,-0.41501254574999996,4.5890899974999995,0.34255145393291997,0.386364943897274,-0.073885254875,1.1359872299999996
2022-09-01,315.299932225,1.5947611950708958,311.96926850000006,316.90345525,4.095002572261,0.655742709390701,3.4679896599999998,5.3802872975,66.0647153815,0.38278297541059747,65.27455817500001,66.44272732499999,1.5060285304783,1.594761351079996,-0.097491931225,4.836694544999999,0.36920604819454445,0.3827830412536799,-0.008805972679999998,1.1593626399999997
2022-12-01,315.36973867,1.5754986858798812,312.13980325,316.858658,4.0920478235635,0.6588059068823221,3.4898941375000003,5.390144072499998,66.139635291,0.37648419393672355,65.34171185,66.48793777499999,1.5262716067367001,1.5754987402680167,0.03735091975000001,4.756206062499995,0.3626831258052501,0.3764845197928899,0.014380011475,1.1606062474999999
2023-03-01,315.18002125,1.5216700953837305,312.00690025,316.58242025,4.20277218112,0.6445631647495372,3.634581185,5.4745123224999945,66.1812192735,0.3618681687268135,65.3981691,66.50921782500001,1.4509925288384506,1.5216701407405555,0.04858973550000001,4.6241164275,0.33819428837497995,0.3618683829093215,0.0101958018925,1.121244994999999
2023-06-01,314.88588008,1.4107908050827556,311.844227,316.232818,4.1562864191525,0.6121073705725273,3.6175445575,5.4078893925,66.333337931,0.3330757008250938,65.593042775,66.652430575,1.4171530618741996,1.4107909227400697,0.07021035845,4.458802017499999,0.3323829505302499,0.3330757078162933,0.013288431275000002,1.072677422499999
2023-09-01,314.78160954,1.334026124073715,311.82989475,316.05088775,4.162054819179,0.576452831562185,3.659740475,5.378537647499999,66.3391668975,0.3165863921929734,65.6166656,66.637271075,1.2457216326849498,1.334026025157795,-0.023553340974999972,4.197439382499998,0.2841807204581749,0.31658651990777015,-0.013922617324999999,1.006682269999999
2023-12-01,314.16673309,1.2114388788582586,311.4034515,315.4693095,4.35282945664,0.5337173084387326,3.8642133125,5.5313060525,66.5490113525,0.28626496958032926,65.86946495000001,66.87322785,1.1369667416609996,1.2114391312755497,-0.165613964,3.9002458774999997,0.261527166052175,0.28626475378015215,-0.06268767147499997,0.941071865
2024-03-01,314.149410495,1.192647365835234,311.4426715,315.4690145,4.283303078275,0.5050464099013694,3.7559251625,5.400784914999999,66.395723375,0.28675773018847434,65.7166646,66.71954505000001,0.86236991633918,1.1926472440813765,-0.457237988,3.569108692499998,0.18742912604999892,0.2867577139284137,-0.13639432799999998,0.8664888822499994
2024-06-01,313.9855346,1.131939734350172,311.394592,315.440323,4.348019869355,0.48272190322931063,3.7503368375,5.430248915,66.590037918,0.2713528769360606,65.93075554999999,66.94390842499999,0.763492789568035,1.131939604944299,-0.6912957084999999,3.354432449999996,0.17379572387033,0.2713528959160609,-0.18007514424999999,0.8330783492499996
2024-09-01,313.85387352,1.065927036948383,311.37452699999994,315.48964425,4.416252205285,0.46006541844226145,3.7519829125,5.465073115000001,66.884392829,0.25627151506416856,66.258566275,67.28501035000001,0.8131192940560502,1.0659269923037702,-0.8226516635000001,3.2924653274999995,0.19606352077826505,0.2562715671904824,-0.20455190825,0.8218891417499997
2024-12-01,313.849957795,1.0500488926338845,311.39667875,315.53703625000003,4.287302713673,0.447944682542663,3.6035973425,5.290779444999999,66.8484604795,0.25366177614240054,66.22123775,67.2506409,0.7071639264797001,1.0500490127254805,-0.979917635,3.160442242499999,0.16320633687759498,0.2536617692580253,-0.23897260274999998,0.79042882425
2025-03-01,313.92822346,1.0512730910406674,311.47048725,315.61039900000003,4.3160266026675,0.44219676190323925,3.5940430025,5.311813349999999,66.733253596,0.25476806860352347,66.09668385,67.12396682500001,0.520162739588814,1.0512730731070126,-1.1620106075,2.9779014825,0.11316446119131128,0.25476815812214537,-0.27754812625,0.7497344874999999
2025-06-01,314.359138735,1.020085184530438,311.98822975,316.10948875,4.3461041259845,0.43357672649629675,3.6129103975000003,5.316353232499998,66.889297035,0.24593178579455283,66.27369645000002,67.29554302499999,0.5030179120499402,1.0200853029245924,-1.2473320724999999,2.8739234449999964,0.119048913040911,0.2459318348990884,-0.28719654349999996,0.7346500962499993
2025-09-01,314.486688365,1.0045495212768887,312.1885615,316.2390795,4.48427802706,0.42548393939413354,3.7339519575,5.426186579999999,66.820744114,0.24258594381108217,66.219016575,67.22070459999999,0.4091492548686875,1.0045495481401607,-1.3432377324999998,2.7072742474999973,0.09254495194825677,0.24258593121101873,-0.3074163315,0.6942722579999993
2025-12-01,314.984592785,1.0010495117742209,312.703418,316.706566,4.394610267681,0.4203807977636363,3.654814555,5.316698804999999,66.6740052705,0.24235769871718965,66.07222775,67.0656686,0.302137796838055,1.0010494799213185,-1.41983882,2.5833140049999965,0.066215393919552,0.24235759290851366,-0.32544813074999995,0.6679928557499999
